Artist Name,Artwork Title,Exhibition Name,Exhibition Location,Exhibition Date,Artwork Value (Million ₹),Tickets Sold,Revenue (₹)
Jackson Pollock,The Card Players,Creative Souls India 2023,Ahmedabad,2023-11-09,478.85,15580,654360
Keith Haring,The Two Fridas,Indian Modern Art Expo 2024,Chennai,2023-08-07,238.48,23387,1052415
Andy Warhol,Les Demoiselles d'Avignon,Indian Modern Art Expo 2025,Bangalore,2025-10-21,317.6,55616,2725184
Paul Cézanne,The Persistence of Memory,Fine Arts India Tour 2025,Kolkata,2023-04-25,277.62,52169,2973633
Rene Magritte,Jimson Weed,Cultural Canvas 2024,Pune,2025-02-06,289.48,22598,949116
Keith Haring,Dance,India Art Summit 2024,Bangalore,2025-01-09,95.4,53518,1605540
Frida Kahlo,Flower Thrower,Indian Modern Art Expo 2024,Chennai,2024-03-28,313.51,6296,308504
Georgia O'Keeffe,Three Studies for Figures,Indian Heritage Showcase 2024,Pune,2025-02-14,175.02,56327,2534715
Francis Bacon,"No. 5, 1948",Heritage & Modernity 2023,Delhi,2024-01-13,329.88,9860,581740
Banksy,Marilyn Diptych,Indian Heritage Showcase 2025,Ahmedabad,2025-02-03,372.52,18338,696844
Francis Bacon,Radiant Baby,Indian Modern Art Expo 2024,Chennai,2025-04-04,330.36,48788,3415160
Jackson Pollock,Radiant Baby,Indian Modern Art Expo 2025,Chennai,2024-05-09,441.36,10466,659358
Johannes Vermeer,The Night Watch,Heritage & Modernity 2025,Pune,2023-03-20,5.11,25872,1319472
Rene Magritte,The Persistence of Memory,India Art Summit 2024,Jaipur,2025-03-12,63.68,19765,632480
Rene Magritte,Jimson Weed,Heritage & Modernity 2023,Lucknow,2023-03-07,116.95,45366,3084888
Andy Warhol,Marilyn Diptych,Contemporary Expressions 2025,Delhi,2023-09-28,453.78,13055,757190
Banksy,Radiant Baby,Cultural Canvas 2025,Delhi,2023-02-07,95.63,23170,1297520
Paul Cézanne,Water Lilies,India Art Summit 2023,Chennai,2025-05-17,312.82,11461,722043
Francis Bacon,The Son of Man,Indian Modern Art Expo 2024,Hyderabad,2025-12-04,339.97,21287,1341081
Keith Haring,Three Studies for Figures,Creative Souls India 2023,Bangalore,2023-09-20,247.14,45314,1359420
Andy Warhol,"No. 5, 1948",Indian Modern Art Expo 2025,Delhi,2025-12-26,206.95,28618,1144720
Rene Magritte,"No. 5, 1948",Heritage & Modernity 2024,Kolkata,2024-09-11,316.24,11929,632237
Francis Bacon,Flower Thrower,Indian Heritage Showcase 2025,Hyderabad,2025-09-24,150.13,33688,2122344
Keith Haring,The Scream,India Art Summit 2024,Delhi,2025-07-10,415.95,16709,1035958
Pablo Picasso,Les Demoiselles d'Avignon,Creative Souls India 2023,Mumbai,2025-07-05,499.09,14502,667092
Rembrandt,I and the Village,Indian Modern Art Expo 2025,Kolkata,2025-06-25,114.68,29028,1828764
Salvador Dali,"No. 5, 1948",India Art Summit 2023,Ahmedabad,2023-01-20,38.87,34363,1958691
Francis Bacon,Water Lilies,Indian Heritage Showcase 2024,Lucknow,2025-04-02,413.19,36107,1191531
Jackson Pollock,Flower Thrower,Cultural Canvas 2024,Kolkata,2024-09-20,96.13,55186,2152254
Henri Matisse,Jimson Weed,Fine Arts India Tour 2023,Lucknow,2025-12-09,191.42,22885,892515
Georgia O'Keeffe,Dance,Cultural Canvas 2025,Jaipur,2025-09-11,415.73,33375,1435125
Gustav Klimt,The Two Fridas,Indian Heritage Showcase 2024,Delhi,2024-11-14,120.08,39486,2408646
Georgia O'Keeffe,The Kiss,Indian Modern Art Expo 2023,Pune,2023-08-03,411.73,17691,689949
Paul Cézanne,Dance,National Art Festival 2025,Kolkata,2023-08-01,494.04,18313,988902
Marc Chagall,Marilyn Diptych,Fine Arts India Tour 2025,Jaipur,2023-02-22,188.21,51121,2607171
Leonardo da Vinci,Three Studies for Figures,Contemporary Expressions 2025,Pune,2025-08-11,186.31,43214,2074272
Georgia O'Keeffe,I and the Village,Contemporary Expressions 2023,Bangalore,2023-08-20,428.27,51370,2414390
Frida Kahlo,Mona Lisa,Contemporary Expressions 2023,Jaipur,2024-05-10,362.18,54414,3536910
Keith Haring,Les Demoiselles d'Avignon,India Art Summit 2023,Delhi,2024-05-25,254.56,26254,840128
Pablo Picasso,The Kiss,Creative Souls India 2024,Mumbai,2023-02-05,222.34,29720,1604880
Georgia O'Keeffe,Girl with a Pearl Earring,National Art Festival 2025,Hyderabad,2023-07-27,245.6,24177,1378089
Henri Matisse,The Night Watch,Cultural Canvas 2024,Jaipur,2023-10-07,475.49,18628,614724
Banksy,The Card Players,Cultural Canvas 2025,Bangalore,2024-07-23,54.38,39353,1810238
Andy Warhol,Three Studies for Figures,India Art Summit 2025,Pune,2024-03-19,398.9,37142,2488514
Johannes Vermeer,Girl with a Pearl Earring,Fine Arts India Tour 2023,Lucknow,2023-04-04,51.43,14257,513252
Marc Chagall,The Card Players,National Art Festival 2023,Jaipur,2025-12-04,317.5,43337,2946916
Pablo Picasso,The Son of Man,National Art Festival 2023,Delhi,2024-09-15,281.85,59130,2897370
Henri Matisse,Marilyn Diptych,Contemporary Expressions 2023,Lucknow,2024-06-23,245.49,9892,375896
Frida Kahlo,Mona Lisa,National Art Festival 2023,Pune,2023-01-20,327.77,12852,745416
Marc Chagall,Starry Night,Cultural Canvas 2024,Bangalore,2024-02-08,449.09,47438,1470578
Claude Monet,Starry Night,National Art Festival 2025,Kolkata,2023-09-02,499.3,29508,1681956
Salvador Dali,Starry Night,National Art Festival 2024,Hyderabad,2025-05-08,421.2,53686,3543276
Rembrandt,Les Demoiselles d'Avignon,Contemporary Expressions 2023,Ahmedabad,2024-01-25,428.58,33975,2038500
Rembrandt,The Son of Man,Heritage & Modernity 2024,Mumbai,2023-05-14,88.15,5474,262752
Johannes Vermeer,The Night Watch,Heritage & Modernity 2024,Chennai,2025-08-04,210.99,46983,2255184
Claude Monet,Radiant Baby,Heritage & Modernity 2025,Delhi,2025-12-23,51.47,35347,2403596
Frida Kahlo,Flower Thrower,Cultural Canvas 2024,Hyderabad,2024-03-02,448.75,12364,605836
Andy Warhol,The Kiss,Creative Souls India 2024,Hyderabad,2023-03-26,276.5,30637,1654398
Johannes Vermeer,The Card Players,Contemporary Expressions 2023,Delhi,2023-01-22,11.83,13859,942412
Pablo Picasso,Dance,Heritage & Modernity 2024,Ahmedabad,2025-04-24,101.26,8679,503382
Andy Warhol,Marilyn Diptych,India Art Summit 2024,Jaipur,2025-05-25,83.43,50987,2651324
Banksy,"No. 5, 1948",Contemporary Expressions 2024,Hyderabad,2023-04-01,178.23,7733,533577
Marc Chagall,Starry Night,Heritage & Modernity 2025,Kolkata,2025-04-20,438.1,29710,1218110
Pablo Picasso,Jimson Weed,Indian Heritage Showcase 2025,Delhi,2023-08-07,302.06,29216,934912
Leonardo da Vinci,Three Studies for Figures,Indian Modern Art Expo 2025,Ahmedabad,2025-08-07,434.32,13196,422272
Keith Haring,The Persistence of Memory,Cultural Canvas 2023,Ahmedabad,2025-09-23,181.24,45138,1534692
Vincent van Gogh,Water Lilies,Creative Souls India 2024,Hyderabad,2025-01-17,235.98,20547,1068444
Edvard Munch,The Scream,Contemporary Expressions 2025,Ahmedabad,2023-11-07,158.49,44900,1571500
Francis Bacon,The Persistence of Memory,Creative Souls India 2023,Hyderabad,2024-07-06,47.51,23217,1509105
Rembrandt,Water Lilies,Contemporary Expressions 2024,Hyderabad,2024-04-21,52.77,56143,2694864
Gustav Klimt,The Kiss,Indian Heritage Showcase 2024,Hyderabad,2023-08-09,487.43,21587,863480
Paul Cézanne,The Night Watch,Indian Modern Art Expo 2024,Pune,2025-11-09,454.12,55563,2055831
Banksy,Starry Night,National Art Festival 2024,Hyderabad,2023-01-24,131.17,43549,2482293
Gustav Klimt,Marilyn Diptych,India Art Summit 2023,Delhi,2025-07-07,52.2,35734,1786700
Gustav Klimt,Starry Night,Fine Arts India Tour 2024,Kolkata,2025-04-22,148.31,56056,3195192
Keith Haring,Mona Lisa,Heritage & Modernity 2025,Lucknow,2024-12-08,449.89,50816,3252224
Rene Magritte,I and the Village,India Art Summit 2024,Ahmedabad,2025-01-18,200.29,29769,1845678
Salvador Dali,Water Lilies,National Art Festival 2023,Pune,2023-05-22,261.7,41208,2225232
Edvard Munch,Starry Night,India Art Summit 2024,Hyderabad,2024-01-12,434.74,45914,2800754
Georgia O'Keeffe,Girl with a Pearl Earring,National Art Festival 2025,Kolkata,2024-08-26,26.12,42588,2640456
Edvard Munch,Water Lilies,Heritage & Modernity 2025,Chennai,2023-12-08,44.75,41379,2110329
Salvador Dali,"No. 5, 1948",India Art Summit 2025,Jaipur,2023-10-25,44.33,17972,826712
Keith Haring,Starry Night,Heritage & Modernity 2024,Kolkata,2024-01-19,317.21,59055,2421255
Pablo Picasso,The Kiss,Heritage & Modernity 2025,Bangalore,2025-04-04,77.7,11538,530748
Leonardo da Vinci,I and the Village,National Art Festival 2023,Chennai,2024-12-17,115.36,29583,1834146
Jackson Pollock,The Scream,Indian Heritage Showcase 2024,Pune,2025-06-10,41.07,48231,1881009
Paul Cézanne,Radiant Baby,Cultural Canvas 2023,Chennai,2025-10-20,20.39,58426,2395466
Edvard Munch,The Persistence of Memory,Heritage & Modernity 2024,Lucknow,2025-01-14,70.03,5061,192318
Jackson Pollock,Water Lilies,India Art Summit 2024,Delhi,2024-05-28,124.32,29271,1375737
Frida Kahlo,Flower Thrower,Indian Modern Art Expo 2024,Chennai,2025-11-18,18.62,57209,3718585
Claude Monet,The Son of Man,Indian Modern Art Expo 2024,Delhi,2024-03-07,338.17,30049,1502450
Georgia O'Keeffe,Three Studies for Figures,Heritage & Modernity 2023,Bangalore,2025-11-28,487.02,53525,2033950
Frida Kahlo,The Two Fridas,National Art Festival 2023,Kolkata,2024-01-19,131.85,20739,1368774
Marc Chagall,The Two Fridas,Heritage & Modernity 2024,Ahmedabad,2025-01-04,154.34,50619,3442092
Gustav Klimt,The Kiss,Fine Arts India Tour 2023,Lucknow,2023-06-07,23.09,13318,599310
Vincent van Gogh,The Night Watch,Heritage & Modernity 2025,Ahmedabad,2025-02-05,135.43,22806,1208718
Claude Monet,Water Lilies,National Art Festival 2025,Mumbai,2023-06-04,112.29,48118,2694608
Frida Kahlo,Girl with a Pearl Earring,National Art Festival 2023,Ahmedabad,2023-11-26,32.18,20267,1337622
Claude Monet,The Kiss,Indian Heritage Showcase 2023,Kolkata,2025-05-02,213.32,48800,3123200
Francis Bacon,Marilyn Diptych,Indian Heritage Showcase 2025,Jaipur,2023-01-25,173.19,29650,1630750
Andy Warhol,Girl with a Pearl Earring,India Art Summit 2025,Mumbai,2025-10-06,344.81,29209,1957003
Henri Matisse,The Card Players,Heritage & Modernity 2023,Bangalore,2024-11-19,426.92,8418,328302
Jackson Pollock,Marilyn Diptych,Cultural Canvas 2023,Chennai,2025-01-02,41.29,36314,1888328
Marc Chagall,Girl with a Pearl Earring,Contemporary Expressions 2023,Lucknow,2024-11-04,141.13,28094,1095666
Vincent van Gogh,Flower Thrower,Indian Modern Art Expo 2025,Jaipur,2024-12-08,190.52,36229,1449160
Paul Cézanne,The Two Fridas,Indian Modern Art Expo 2024,Mumbai,2023-03-27,268.6,50652,3089772
Frida Kahlo,The Night Watch,Contemporary Expressions 2024,Ahmedabad,2024-07-25,221.25,33790,1993610
Salvador Dali,Three Studies for Figures,Creative Souls India 2024,Delhi,2023-08-22,115.88,20662,1446340
Claude Monet,Dance,Indian Modern Art Expo 2024,Chennai,2025-08-07,406.57,42857,1542852
Edvard Munch,Dance,India Art Summit 2023,Lucknow,2024-01-28,416.24,5839,303628
Johannes Vermeer,Les Demoiselles d'Avignon,Indian Modern Art Expo 2023,Ahmedabad,2025-02-08,375.32,49118,1768248
Francis Bacon,Marilyn Diptych,Indian Modern Art Expo 2025,Bangalore,2023-02-17,336.28,56819,3125045
Banksy,The Scream,Indian Heritage Showcase 2024,Chennai,2025-04-14,219.01,39124,2151820
Gustav Klimt,Radiant Baby,Cultural Canvas 2025,Lucknow,2025-05-28,96.06,14392,446152
Paul Cézanne,Jimson Weed,Heritage & Modernity 2025,Jaipur,2024-12-17,309.16,17358,954690
Banksy,Water Lilies,Indian Modern Art Expo 2023,Mumbai,2024-10-20,325.09,7969,517985
Paul Cézanne,The Scream,Indian Modern Art Expo 2024,Delhi,2025-04-07,151.52,45274,1675138
Rembrandt,The Son of Man,National Art Festival 2024,Lucknow,2023-01-01,224.92,6977,411643
Marc Chagall,Girl with a Pearl Earring,Heritage & Modernity 2024,Pune,2024-06-17,329.7,33666,2120958
Francis Bacon,The Two Fridas,Indian Modern Art Expo 2024,Mumbai,2024-07-16,196.38,48094,1923760
Marc Chagall,Jimson Weed,Cultural Canvas 2024,Hyderabad,2023-07-13,128.32,45280,2716800
Keith Haring,Marilyn Diptych,Creative Souls India 2024,Jaipur,2023-12-01,494.88,40846,2614144
Leonardo da Vinci,The Night Watch,National Art Festival 2024,Pune,2025-09-27,428.19,24471,1052253
Pablo Picasso,The Son of Man,Fine Arts India Tour 2025,Lucknow,2024-09-26,190.39,29578,1478900
Marc Chagall,Three Studies for Figures,India Art Summit 2025,Chennai,2024-11-18,268.32,56240,3711840
Paul Cézanne,"No. 5, 1948",Creative Souls India 2023,Lucknow,2025-12-16,89.05,23646,1158654
Georgia O'Keeffe,The Card Players,Indian Modern Art Expo 2025,Delhi,2025-04-17,304.13,9004,477212
Edvard Munch,The Card Players,Creative Souls India 2023,Bangalore,2023-03-04,467.28,59572,3097744
Francis Bacon,"No. 5, 1948",Heritage & Modernity 2024,Kolkata,2023-11-11,140.72,51871,2074840
Claude Monet,Starry Night,Heritage & Modernity 2025,Lucknow,2025-11-18,194.71,51061,2910477
Jackson Pollock,Radiant Baby,India Art Summit 2023,Pune,2023-05-19,39.97,45463,2727780
Rembrandt,The Son of Man,Fine Arts India Tour 2023,Pune,2024-10-05,262.92,32568,1302720
Andy Warhol,The Card Players,Heritage & Modernity 2023,Chennai,2024-09-06,106.83,32526,1561248
Frida Kahlo,I and the Village,Fine Arts India Tour 2023,Bangalore,2023-11-16,44.93,38188,1642084
Vincent van Gogh,Water Lilies,Cultural Canvas 2024,Chennai,2025-12-10,314.5,43607,1657066
Frida Kahlo,The Night Watch,Cultural Canvas 2023,Hyderabad,2025-01-28,182.28,37270,1528070
Rembrandt,Water Lilies,Contemporary Expressions 2024,Mumbai,2023-03-25,25.75,32228,2030364
Jackson Pollock,"No. 5, 1948",India Art Summit 2025,Pune,2025-10-11,58.56,45094,2840922
Paul Cézanne,The Kiss,Cultural Canvas 2025,Lucknow,2025-01-25,441.92,10720,450240
Rembrandt,Les Demoiselles d'Avignon,Cultural Canvas 2025,Ahmedabad,2023-08-01,448.05,34492,2345456
Jackson Pollock,Marilyn Diptych,India Art Summit 2024,Kolkata,2023-11-03,298.06,48607,2284529
Paul Cézanne,Mona Lisa,Indian Heritage Showcase 2025,Bangalore,2024-03-16,323.49,14888,506192
Georgia O'Keeffe,The Persistence of Memory,Creative Souls India 2025,Bangalore,2025-11-06,159.56,21187,1144098
Georgia O'Keeffe,Flower Thrower,Cultural Canvas 2025,Pune,2023-09-12,123.67,54481,2288202
Banksy,The Persistence of Memory,Creative Souls India 2023,Mumbai,2023-09-14,254.52,58929,3535740
Vincent van Gogh,Starry Night,Creative Souls India 2025,Hyderabad,2023-11-09,272.66,47802,2676912
Henri Matisse,The Card Players,Indian Modern Art Expo 2025,Chennai,2025-08-05,212.17,14354,789470
Johannes Vermeer,The Two Fridas,Heritage & Modernity 2023,Pune,2025-05-24,318.26,13603,489708
Pablo Picasso,Mona Lisa,Indian Modern Art Expo 2023,Bangalore,2024-08-27,462.45,59344,4094736
Marc Chagall,The Scream,Cultural Canvas 2023,Mumbai,2024-02-12,6.84,32118,2087670
Leonardo da Vinci,Flower Thrower,Cultural Canvas 2024,Ahmedabad,2024-06-19,326.94,31205,1965915
Marc Chagall,Three Studies for Figures,Indian Modern Art Expo 2025,Chennai,2025-05-09,340.26,8445,312465
Claude Monet,Marilyn Diptych,Contemporary Expressions 2023,Kolkata,2024-08-01,453.69,17790,818340
Frida Kahlo,Three Studies for Figures,Creative Souls India 2025,Bangalore,2024-11-07,87.62,50779,3503751
Jackson Pollock,The Two Fridas,Indian Modern Art Expo 2025,Delhi,2025-09-10,99.62,52558,2417668
Claude Monet,I and the Village,Contemporary Expressions 2024,Chennai,2023-07-05,103.49,21974,725142
Gustav Klimt,"No. 5, 1948",India Art Summit 2023,Delhi,2023-06-16,118.08,56099,2187861
Henri Matisse,Water Lilies,Heritage & Modernity 2024,Ahmedabad,2023-08-09,458.5,55470,1830510
Francis Bacon,Starry Night,Cultural Canvas 2025,Pune,2025-07-18,381.36,48635,2188575
Francis Bacon,Three Studies for Figures,Cultural Canvas 2025,Mumbai,2023-03-18,148.92,19696,709056
Johannes Vermeer,Marilyn Diptych,India Art Summit 2023,Ahmedabad,2023-02-18,26.63,15232,594048
Salvador Dali,Jimson Weed,Fine Arts India Tour 2024,Bangalore,2025-04-12,388.0,31337,1347491
Claude Monet,Radiant Baby,Indian Heritage Showcase 2024,Pune,2023-01-03,278.23,33847,1320033
Rembrandt,Three Studies for Figures,Heritage & Modernity 2023,Mumbai,2024-06-02,214.27,19349,1315732
Francis Bacon,Starry Night,National Art Festival 2023,Hyderabad,2023-04-04,135.86,58885,3179790
Marc Chagall,The Son of Man,Contemporary Expressions 2023,Ahmedabad,2023-11-18,429.89,55564,3444968
Salvador Dali,The Two Fridas,National Art Festival 2023,Chennai,2025-08-02,185.12,30932,1855920
Henri Matisse,Les Demoiselles d'Avignon,Fine Arts India Tour 2024,Hyderabad,2024-12-14,326.47,49577,2677158
Leonardo da Vinci,I and the Village,National Art Festival 2024,Hyderabad,2024-04-04,156.97,28456,939048
Gustav Klimt,I and the Village,Indian Modern Art Expo 2024,Ahmedabad,2023-02-08,322.22,25716,1542960
Francis Bacon,Three Studies for Figures,Indian Modern Art Expo 2023,Jaipur,2023-08-28,436.5,37392,2355696
Henri Matisse,Mona Lisa,Heritage & Modernity 2025,Lucknow,2023-08-04,41.21,13486,809160
Gustav Klimt,Girl with a Pearl Earring,Creative Souls India 2024,Delhi,2023-12-08,189.65,12893,386790
Rembrandt,Water Lilies,Indian Modern Art Expo 2024,Lucknow,2024-12-13,275.58,26238,1311900
Leonardo da Vinci,"No. 5, 1948",National Art Festival 2025,Hyderabad,2023-08-03,436.11,39331,2438522
Keith Haring,Les Demoiselles d'Avignon,National Art Festival 2023,Kolkata,2023-11-11,61.22,18328,1172992
Georgia O'Keeffe,The Night Watch,Contemporary Expressions 2025,Mumbai,2023-05-09,149.81,28101,1433151
Jackson Pollock,Marilyn Diptych,Cultural Canvas 2025,Hyderabad,2023-01-27,378.46,27185,1712655
Edvard Munch,Flower Thrower,National Art Festival 2023,Bangalore,2025-03-01,453.79,30938,1175644
Claude Monet,Girl with a Pearl Earring,Cultural Canvas 2024,Kolkata,2025-04-08,141.41,17640,970200
Gustav Klimt,Water Lilies,Heritage & Modernity 2023,Bangalore,2023-05-15,114.93,23145,902655
Rembrandt,Jimson Weed,Cultural Canvas 2024,Lucknow,2023-01-28,336.84,29799,1817739
Georgia O'Keeffe,I and the Village,India Art Summit 2025,Ahmedabad,2023-09-15,98.7,10993,483692
Gustav Klimt,Dance,Indian Heritage Showcase 2023,Hyderabad,2023-08-02,437.36,36936,1957608
Francis Bacon,Starry Night,Fine Arts India Tour 2023,Lucknow,2025-04-01,91.41,31966,2141722
Georgia O'Keeffe,The Card Players,National Art Festival 2023,Jaipur,2024-10-17,488.42,14398,633512
Salvador Dali,Dance,Indian Modern Art Expo 2025,Lucknow,2023-06-14,158.29,47464,2468128
Claude Monet,The Persistence of Memory,Indian Heritage Showcase 2025,Ahmedabad,2023-11-21,483.51,29150,932800
Francis Bacon,Marilyn Diptych,Indian Modern Art Expo 2025,Lucknow,2025-04-11,272.33,13077,889236
Francis Bacon,"No. 5, 1948",Heritage & Modernity 2025,Mumbai,2023-08-05,267.55,17421,836208
Henri Matisse,Jimson Weed,Heritage & Modernity 2024,Lucknow,2025-08-07,426.62,11096,621376
Henri Matisse,Jimson Weed,Indian Modern Art Expo 2023,Mumbai,2023-08-17,374.19,5613,314328
Gustav Klimt,"No. 5, 1948",Indian Heritage Showcase 2024,Jaipur,2025-05-20,296.17,47780,2436780
Pablo Picasso,The Night Watch,Heritage & Modernity 2024,Lucknow,2024-05-14,476.92,59077,3840005
Johannes Vermeer,The Persistence of Memory,Indian Modern Art Expo 2025,Lucknow,2024-12-17,14.41,59609,2742014
Francis Bacon,The Son of Man,Contemporary Expressions 2025,Mumbai,2023-10-21,97.61,13934,431954
Edvard Munch,The Two Fridas,Contemporary Expressions 2024,Hyderabad,2024-09-21,274.26,20386,856212
Claude Monet,Girl with a Pearl Earring,Creative Souls India 2023,Delhi,2023-02-23,68.96,47942,1486202
Vincent van Gogh,Jimson Weed,Fine Arts India Tour 2025,Jaipur,2025-07-10,318.05,52865,3436225
Andy Warhol,Mona Lisa,Contemporary Expressions 2024,Ahmedabad,2024-05-24,16.47,47568,3234624
Salvador Dali,The Son of Man,National Art Festival 2025,Ahmedabad,2025-11-12,409.59,39497,1382395
Gustav Klimt,Starry Night,Indian Heritage Showcase 2023,Chennai,2024-02-09,280.88,12934,543228
Johannes Vermeer,Dance,India Art Summit 2023,Mumbai,2023-10-05,17.35,39879,2432619
Pablo Picasso,Starry Night,Cultural Canvas 2025,Ahmedabad,2024-09-27,24.56,51707,2223401
Henri Matisse,The Kiss,Contemporary Expressions 2023,Kolkata,2023-06-01,229.76,47879,1915160
Andy Warhol,Mona Lisa,Contemporary Expressions 2023,Bangalore,2023-12-05,82.81,8901,302634
Rene Magritte,Radiant Baby,Fine Arts India Tour 2025,Hyderabad,2023-05-17,150.32,8693,278176
Frida Kahlo,The Night Watch,Contemporary Expressions 2025,Delhi,2023-02-05,144.96,32187,2156529
Edvard Munch,Les Demoiselles d'Avignon,Creative Souls India 2024,Hyderabad,2024-06-20,88.65,21932,1315920
Edvard Munch,Mona Lisa,Heritage & Modernity 2025,Hyderabad,2025-12-15,213.47,41845,1422730
Gustav Klimt,Flower Thrower,National Art Festival 2024,Chennai,2024-07-07,271.49,50074,3354958
Leonardo da Vinci,Three Studies for Figures,Cultural Canvas 2025,Ahmedabad,2025-01-03,77.43,11692,537832
Paul Cézanne,The Two Fridas,Creative Souls India 2025,Mumbai,2023-05-10,354.26,52704,3636576
Pablo Picasso,"No. 5, 1948",National Art Festival 2024,Chennai,2023-08-01,134.18,41399,2235546
Henri Matisse,The Son of Man,Fine Arts India Tour 2024,Mumbai,2023-09-24,177.56,15737,1070116
Banksy,Dance,National Art Festival 2024,Mumbai,2024-03-06,467.84,41723,2628549
Rene Magritte,Water Lilies,National Art Festival 2024,Ahmedabad,2024-01-28,26.76,39134,2582844
Frida Kahlo,Mona Lisa,Heritage & Modernity 2024,Pune,2025-03-19,343.28,6505,292725
Claude Monet,Jimson Weed,Heritage & Modernity 2023,Chennai,2024-11-13,456.75,44722,1520548
Paul Cézanne,Dance,Heritage & Modernity 2024,Chennai,2023-05-07,131.1,55905,3857445
Gustav Klimt,Three Studies for Figures,Contemporary Expressions 2025,Delhi,2025-09-21,218.12,49800,1593600
Claude Monet,Marilyn Diptych,National Art Festival 2023,Bangalore,2024-12-27,486.84,54574,3711032
Georgia O'Keeffe,Flower Thrower,Indian Heritage Showcase 2024,Pune,2023-11-01,478.91,48730,1754280
Paul Cézanne,The Kiss,Creative Souls India 2023,Pune,2023-09-03,98.82,37408,2094848
Pablo Picasso,Marilyn Diptych,Indian Heritage Showcase 2024,Kolkata,2023-02-14,427.67,25987,1377311
Vincent van Gogh,The Son of Man,Heritage & Modernity 2025,Delhi,2024-12-14,428.23,6389,306672
Vincent van Gogh,Three Studies for Figures,Contemporary Expressions 2024,Kolkata,2024-06-10,180.93,59666,2267308
Claude Monet,I and the Village,Contemporary Expressions 2025,Hyderabad,2023-06-23,223.25,24259,1188691
Johannes Vermeer,Dance,Fine Arts India Tour 2024,Chennai,2023-08-11,464.08,5730,263580
Keith Haring,Water Lilies,Cultural Canvas 2024,Lucknow,2024-08-06,404.33,58425,2512275
Andy Warhol,Flower Thrower,Fine Arts India Tour 2025,Hyderabad,2025-04-13,74.93,38011,2166627
Banksy,The Persistence of Memory,Fine Arts India Tour 2023,Ahmedabad,2023-11-06,84.75,13487,768759
Leonardo da Vinci,Dance,India Art Summit 2025,Hyderabad,2025-06-11,106.26,25941,1400814
Keith Haring,The Persistence of Memory,National Art Festival 2025,Delhi,2024-02-03,69.92,35915,1221110
Keith Haring,Three Studies for Figures,National Art Festival 2024,Delhi,2025-05-20,273.78,23665,1230580
Keith Haring,Flower Thrower,Indian Modern Art Expo 2025,Ahmedabad,2024-05-04,358.54,19835,1269440
Johannes Vermeer,Mona Lisa,Cultural Canvas 2024,Chennai,2025-08-28,267.09,54201,1626030
Johannes Vermeer,Marilyn Diptych,National Art Festival 2025,Kolkata,2023-04-12,174.71,22250,689750
Edvard Munch,The Two Fridas,India Art Summit 2025,Pune,2024-07-26,226.5,51026,2755404
Rembrandt,The Night Watch,India Art Summit 2025,Pune,2024-12-03,207.0,28129,1350192
Banksy,Marilyn Diptych,Indian Modern Art Expo 2025,Kolkata,2025-04-06,392.98,30782,1169716
Vincent van Gogh,Mona Lisa,Indian Heritage Showcase 2023,Jaipur,2024-11-23,296.78,46030,3037980
Marc Chagall,I and the Village,National Art Festival 2025,Delhi,2025-02-09,229.96,50567,2376649
Henri Matisse,Marilyn Diptych,Fine Arts India Tour 2025,Hyderabad,2025-01-27,24.82,31939,1724706
Henri Matisse,The Persistence of Memory,India Art Summit 2024,Jaipur,2025-11-06,495.57,8026,457482
Pablo Picasso,The Kiss,Fine Arts India Tour 2023,Mumbai,2025-11-10,230.28,23071,1038195
Johannes Vermeer,Girl with a Pearl Earring,Indian Heritage Showcase 2024,Kolkata,2023-08-20,182.82,40537,2391683
Georgia O'Keeffe,"No. 5, 1948",Contemporary Expressions 2023,Lucknow,2023-03-07,303.87,43338,2166900
Gustav Klimt,The Card Players,Heritage & Modernity 2023,Delhi,2023-08-17,64.31,50106,3106572
Marc Chagall,Mona Lisa,Cultural Canvas 2023,Lucknow,2025-09-21,274.77,48965,2644110
Edvard Munch,Flower Thrower,Indian Modern Art Expo 2024,Chennai,2025-02-25,202.74,33399,2170935
Gustav Klimt,Starry Night,Contemporary Expressions 2023,Lucknow,2025-11-24,145.56,45041,2567337
Edvard Munch,The Scream,Contemporary Expressions 2024,Mumbai,2023-11-13,456.55,55768,2899936
Leonardo da Vinci,The Persistence of Memory,Heritage & Modernity 2023,Bangalore,2025-07-22,39.84,9458,359404
Paul Cézanne,Marilyn Diptych,Creative Souls India 2024,Hyderabad,2025-05-19,214.3,18655,578305
Rembrandt,The Two Fridas,Heritage & Modernity 2023,Delhi,2025-10-10,13.58,31112,1057808
Leonardo da Vinci,The Night Watch,Cultural Canvas 2023,Jaipur,2025-12-22,209.05,32334,1325694
Keith Haring,The Kiss,India Art Summit 2023,Chennai,2024-05-25,17.95,22115,906715
Johannes Vermeer,Mona Lisa,Heritage & Modernity 2024,Jaipur,2023-07-28,393.09,49940,2197360
Vincent van Gogh,Water Lilies,India Art Summit 2024,Kolkata,2023-09-21,390.22,53625,2574000
Edvard Munch,The Scream,Contemporary Expressions 2025,Mumbai,2023-04-10,50.39,54563,2073394
Keith Haring,Jimson Weed,Indian Heritage Showcase 2024,Delhi,2025-02-18,10.1,44330,2083510
Banksy,The Son of Man,Indian Modern Art Expo 2024,Ahmedabad,2023-07-16,128.79,46072,1612520
Jackson Pollock,The Night Watch,Fine Arts India Tour 2024,Mumbai,2023-02-13,288.68,45559,2961335
Claude Monet,The Night Watch,Indian Modern Art Expo 2023,Mumbai,2024-01-03,268.65,41381,1820764
Rene Magritte,"No. 5, 1948",Indian Modern Art Expo 2025,Chennai,2025-10-10,58.93,29120,1630720
Paul Cézanne,The Two Fridas,Creative Souls India 2024,Ahmedabad,2025-09-26,360.63,25443,1781010
Paul Cézanne,The Scream,India Art Summit 2024,Delhi,2023-02-20,19.71,46225,2865950
Rembrandt,Three Studies for Figures,Indian Modern Art Expo 2023,Jaipur,2024-10-17,414.66,11311,361952
Pablo Picasso,"No. 5, 1948",National Art Festival 2024,Kolkata,2025-10-25,498.9,17508,980448
Pablo Picasso,The Two Fridas,Indian Heritage Showcase 2023,Lucknow,2025-09-15,337.06,17806,997136
Georgia O'Keeffe,Girl with a Pearl Earring,Indian Modern Art Expo 2024,Lucknow,2024-04-22,139.24,20146,1208760
Vincent van Gogh,The Two Fridas,Indian Heritage Showcase 2025,Delhi,2025-02-14,385.46,36904,2288048
Edvard Munch,The Kiss,India Art Summit 2024,Delhi,2025-08-07,429.47,55578,2445432
Johannes Vermeer,The Persistence of Memory,Cultural Canvas 2024,Jaipur,2023-10-01,39.74,47022,1504704
Pablo Picasso,Radiant Baby,Indian Modern Art Expo 2025,Chennai,2023-01-28,102.76,21343,661633
Rene Magritte,Marilyn Diptych,Creative Souls India 2023,Bangalore,2024-08-19,117.06,37087,1780176
Marc Chagall,"No. 5, 1948",Indian Heritage Showcase 2024,Hyderabad,2023-09-08,183.85,45962,1976366
Salvador Dali,The Persistence of Memory,Cultural Canvas 2025,Kolkata,2025-11-02,171.82,18676,672336
Georgia O'Keeffe,Les Demoiselles d'Avignon,Contemporary Expressions 2024,Chennai,2025-01-07,257.67,51359,2927463
Frida Kahlo,Radiant Baby,Creative Souls India 2024,Ahmedabad,2025-08-20,447.69,32233,2191844
Edvard Munch,The Card Players,Cultural Canvas 2023,Bangalore,2024-08-18,170.53,5206,161386
Marc Chagall,Girl with a Pearl Earring,Contemporary Expressions 2024,Pune,2023-12-07,221.28,12509,450324
Rene Magritte,Water Lilies,Contemporary Expressions 2023,Kolkata,2023-02-03,53.96,19448,739024
Johannes Vermeer,The Son of Man,Indian Heritage Showcase 2025,Hyderabad,2024-04-15,382.11,30018,1230738
Claude Monet,Marilyn Diptych,Indian Modern Art Expo 2023,Ahmedabad,2023-04-06,398.19,43080,3015600
Banksy,Radiant Baby,India Art Summit 2024,Delhi,2025-08-25,447.67,17673,742266
Frida Kahlo,Starry Night,Indian Heritage Showcase 2024,Ahmedabad,2024-12-25,443.52,58338,1808478
Paul Cézanne,Marilyn Diptych,India Art Summit 2023,Hyderabad,2023-06-02,85.17,16253,536349
Salvador Dali,Girl with a Pearl Earring,Fine Arts India Tour 2024,Delhi,2025-07-19,29.33,56124,3648060
Jackson Pollock,Water Lilies,Indian Modern Art Expo 2025,Pune,2023-06-16,416.97,48449,2180205
Keith Haring,Starry Night,National Art Festival 2024,Kolkata,2024-11-16,407.91,34817,2089020
Henri Matisse,The Card Players,Indian Modern Art Expo 2023,Mumbai,2023-08-25,14.22,58688,3579968
Leonardo da Vinci,Dance,National Art Festival 2024,Delhi,2025-01-15,216.42,46037,2439961
Andy Warhol,Three Studies for Figures,National Art Festival 2024,Mumbai,2024-10-18,245.59,56237,3149272
Banksy,"No. 5, 1948",Fine Arts India Tour 2024,Kolkata,2024-03-08,423.8,17869,1143616
Paul Cézanne,Water Lilies,Heritage & Modernity 2025,Jaipur,2023-08-26,116.85,14868,936684
Salvador Dali,I and the Village,Indian Heritage Showcase 2024,Pune,2024-12-20,395.96,25553,1558733
Jackson Pollock,"No. 5, 1948",Contemporary Expressions 2023,Kolkata,2025-08-11,143.59,37232,1712672
Johannes Vermeer,The Persistence of Memory,Creative Souls India 2023,Chennai,2025-11-20,183.16,40765,2160545
Francis Bacon,The Scream,Creative Souls India 2025,Lucknow,2024-06-23,154.75,18440,1253920
Andy Warhol,Mona Lisa,National Art Festival 2024,Delhi,2024-02-16,377.93,34422,1824366
Frida Kahlo,The Card Players,Contemporary Expressions 2023,Bangalore,2023-08-08,287.06,32443,1459935
Salvador Dali,Dance,Heritage & Modernity 2024,Delhi,2023-03-13,312.4,5970,238800
Leonardo da Vinci,Radiant Baby,Indian Heritage Showcase 2025,Chennai,2023-02-27,151.37,53771,2634779
Georgia O'Keeffe,The Persistence of Memory,Contemporary Expressions 2024,Chennai,2023-07-02,134.04,54027,2917458
Francis Bacon,Mona Lisa,Indian Heritage Showcase 2025,Kolkata,2023-06-23,378.46,13402,482472
Francis Bacon,Water Lilies,India Art Summit 2025,Mumbai,2025-08-22,379.89,38803,2134165
Edvard Munch,Mona Lisa,Contemporary Expressions 2025,Kolkata,2023-10-20,140.23,38544,2505360
Andy Warhol,I and the Village,Indian Modern Art Expo 2023,Mumbai,2024-02-20,50.75,43738,2668018
Salvador Dali,The Night Watch,Contemporary Expressions 2023,Bangalore,2023-05-26,191.55,56129,2862579
Pablo Picasso,Jimson Weed,National Art Festival 2025,Lucknow,2025-11-08,159.54,33879,2269893
Vincent van Gogh,The Two Fridas,Fine Arts India Tour 2025,Hyderabad,2023-12-15,6.19,36860,2248460
Claude Monet,Les Demoiselles d'Avignon,Fine Arts India Tour 2024,Hyderabad,2025-04-12,326.22,19024,741936
Rene Magritte,Flower Thrower,Heritage & Modernity 2024,Ahmedabad,2024-04-08,253.16,40526,2107352
Georgia O'Keeffe,Three Studies for Figures,Contemporary Expressions 2023,Hyderabad,2023-04-18,103.46,50777,1777195
Rembrandt,Les Demoiselles d'Avignon,Contemporary Expressions 2023,Kolkata,2025-03-28,362.22,43767,1400544
Francis Bacon,The Night Watch,Creative Souls India 2024,Chennai,2024-08-05,315.74,22225,1377950
Henri Matisse,Dance,Fine Arts India Tour 2023,Pune,2025-02-02,364.43,7890,449730
Georgia O'Keeffe,Marilyn Diptych,Indian Heritage Showcase 2025,Chennai,2025-08-19,223.29,58058,2148146
Gustav Klimt,Three Studies for Figures,Contemporary Expressions 2025,Bangalore,2024-01-16,179.06,45929,2755740
Andy Warhol,Starry Night,Indian Heritage Showcase 2023,Mumbai,2024-02-26,477.63,23539,1012177
Gustav Klimt,"No. 5, 1948",Indian Heritage Showcase 2024,Delhi,2025-10-02,396.03,35164,2320824
Rembrandt,Starry Night,Fine Arts India Tour 2023,Lucknow,2025-07-02,282.43,43196,1382272
Marc Chagall,The Night Watch,Fine Arts India Tour 2023,Pune,2025-08-06,312.37,22061,1544270
Henri Matisse,The Son of Man,Indian Heritage Showcase 2025,Mumbai,2024-05-17,16.93,13014,832896
Banksy,Girl with a Pearl Earring,Creative Souls India 2024,Chennai,2023-07-22,206.5,37315,1716490
Jackson Pollock,Water Lilies,Indian Heritage Showcase 2025,Ahmedabad,2024-04-19,394.43,41145,1892670
Claude Monet,Dance,National Art Festival 2024,Chennai,2024-05-24,398.24,36083,2020648
Pablo Picasso,Water Lilies,India Art Summit 2024,Delhi,2025-02-09,29.96,14401,475233
Henri Matisse,Starry Night,Indian Heritage Showcase 2024,Jaipur,2025-10-20,343.26,17981,881069
Johannes Vermeer,The Scream,Indian Modern Art Expo 2023,Bangalore,2024-05-14,229.66,50246,3215744
Frida Kahlo,Three Studies for Figures,Cultural Canvas 2024,Ahmedabad,2024-01-08,439.97,42500,1445000
Banksy,Les Demoiselles d'Avignon,Heritage & Modernity 2025,Kolkata,2025-06-01,219.65,45993,2483622
Edvard Munch,Girl with a Pearl Earring,Creative Souls India 2025,Bangalore,2025-01-06,168.59,55871,3687486
Gustav Klimt,The Scream,Creative Souls India 2024,Chennai,2023-03-07,383.05,58733,2466786
Claude Monet,Three Studies for Figures,Creative Souls India 2025,Ahmedabad,2024-09-15,256.75,30199,1630746
Jackson Pollock,Girl with a Pearl Earring,National Art Festival 2024,Ahmedabad,2025-12-02,404.96,49706,2385888
Vincent van Gogh,Flower Thrower,India Art Summit 2023,Lucknow,2025-11-08,385.74,39656,2062112
Frida Kahlo,The Card Players,National Art Festival 2025,Ahmedabad,2025-02-08,209.1,26723,1576657
Francis Bacon,The Son of Man,Creative Souls India 2024,Jaipur,2025-06-04,243.24,59790,2750340
Francis Bacon,Jimson Weed,Cultural Canvas 2023,Bangalore,2025-06-05,485.88,30288,1211520
Francis Bacon,"No. 5, 1948",Cultural Canvas 2024,Hyderabad,2023-12-14,21.98,18844,1262548
Francis Bacon,I and the Village,India Art Summit 2025,Ahmedabad,2023-08-13,199.96,35444,2410192
Leonardo da Vinci,The Persistence of Memory,India Art Summit 2023,Hyderabad,2024-04-07,431.88,21670,1278530
Banksy,The Son of Man,Fine Arts India Tour 2025,Bangalore,2025-05-27,196.42,51339,1950882
Rembrandt,The Two Fridas,National Art Festival 2024,Mumbai,2025-04-05,478.09,44431,2043826
Johannes Vermeer,Girl with a Pearl Earring,National Art Festival 2023,Jaipur,2024-06-21,403.58,26202,1100484
Rene Magritte,The Night Watch,National Art Festival 2024,Bangalore,2024-09-01,364.97,59529,2500218
Francis Bacon,Girl with a Pearl Earring,Indian Modern Art Expo 2024,Kolkata,2023-05-24,428.32,54964,1923740
Rene Magritte,The Son of Man,Creative Souls India 2025,Ahmedabad,2025-05-28,441.29,13049,913430
Claude Monet,Mona Lisa,India Art Summit 2023,Kolkata,2024-05-19,301.68,28139,1800896
Frida Kahlo,"No. 5, 1948",Indian Modern Art Expo 2025,Lucknow,2023-05-14,156.75,24615,1476900
Leonardo da Vinci,Dance,India Art Summit 2023,Kolkata,2023-01-03,469.96,39748,1391180
Salvador Dali,Girl with a Pearl Earring,Contemporary Expressions 2024,Lucknow,2023-04-01,368.47,12164,437904
Gustav Klimt,The Night Watch,Contemporary Expressions 2024,Delhi,2024-12-08,222.76,13362,774996
Keith Haring,Three Studies for Figures,India Art Summit 2023,Bangalore,2024-06-02,123.86,13030,482110
Leonardo da Vinci,The Son of Man,Heritage & Modernity 2025,Bangalore,2025-10-28,435.0,17444,854756
Rembrandt,Dance,India Art Summit 2024,Mumbai,2024-03-08,461.28,36781,2133298
Keith Haring,"No. 5, 1948",Indian Heritage Showcase 2023,Chennai,2025-01-15,391.1,5603,207311
Jackson Pollock,The Two Fridas,Indian Modern Art Expo 2023,Pune,2024-06-16,415.9,39606,2653602
Marc Chagall,Marilyn Diptych,Indian Modern Art Expo 2024,Hyderabad,2023-10-13,159.74,51073,2247212
Frida Kahlo,The Son of Man,Heritage & Modernity 2024,Hyderabad,2025-10-09,13.8,46057,1750166
Andy Warhol,Flower Thrower,Cultural Canvas 2025,Lucknow,2024-02-20,432.19,24150,893550
Leonardo da Vinci,I and the Village,Creative Souls India 2025,Kolkata,2023-12-01,75.71,15770,1040820
Leonardo da Vinci,The Persistence of Memory,Heritage & Modernity 2023,Kolkata,2024-08-28,136.67,57893,3936724
Henri Matisse,Jimson Weed,Heritage & Modernity 2024,Pune,2023-10-28,479.95,27283,845773
Paul Cézanne,Jimson Weed,Contemporary Expressions 2023,Delhi,2025-07-24,163.67,35899,2405233
Rene Magritte,The Persistence of Memory,National Art Festival 2023,Pune,2023-01-02,53.56,55490,2330580
Rembrandt,Three Studies for Figures,Creative Souls India 2023,Kolkata,2025-08-21,440.64,57236,1774316
Keith Haring,The Kiss,Contemporary Expressions 2023,Ahmedabad,2025-12-21,17.88,9010,387430
Francis Bacon,Jimson Weed,National Art Festival 2024,Chennai,2023-11-21,466.69,17540,666520
Vincent van Gogh,"No. 5, 1948",Cultural Canvas 2025,Ahmedabad,2025-01-16,395.83,24247,897139
Salvador Dali,I and the Village,Contemporary Expressions 2023,Delhi,2023-06-27,270.19,21781,1197955
Rembrandt,Les Demoiselles d'Avignon,Fine Arts India Tour 2025,Jaipur,2024-01-13,348.91,26551,1433754
Rembrandt,The Persistence of Memory,National Art Festival 2025,Pune,2024-03-16,183.68,45325,2039625
Edvard Munch,"No. 5, 1948",Indian Heritage Showcase 2023,Jaipur,2024-11-11,204.54,44921,2021445
Jackson Pollock,Marilyn Diptych,Cultural Canvas 2024,Pune,2024-07-27,466.61,8055,370530
Salvador Dali,I and the Village,Contemporary Expressions 2024,Kolkata,2025-12-09,306.43,50114,3457866
Vincent van Gogh,The Son of Man,India Art Summit 2025,Bangalore,2023-05-19,302.11,47848,2583792
Johannes Vermeer,Jimson Weed,Fine Arts India Tour 2023,Jaipur,2023-10-15,79.16,59473,3865745
Frida Kahlo,Radiant Baby,National Art Festival 2025,Mumbai,2025-04-16,8.83,57797,1733910
Leonardo da Vinci,Radiant Baby,Contemporary Expressions 2025,Chennai,2025-10-18,357.59,34397,1341483
Claude Monet,Les Demoiselles d'Avignon,Heritage & Modernity 2025,Bangalore,2023-04-11,410.47,57285,2978820
Gustav Klimt,The Persistence of Memory,India Art Summit 2024,Pune,2023-01-23,410.89,8802,492912
Keith Haring,The Persistence of Memory,Creative Souls India 2024,Pune,2024-09-27,142.76,13890,694500
Leonardo da Vinci,"No. 5, 1948",Heritage & Modernity 2023,Hyderabad,2024-06-05,291.14,36614,1171648
Pablo Picasso,Starry Night,Cultural Canvas 2025,Hyderabad,2024-10-02,164.52,58828,4000304
Johannes Vermeer,Radiant Baby,Fine Arts India Tour 2024,Bangalore,2025-05-23,338.03,20473,1044123
Pablo Picasso,Les Demoiselles d'Avignon,Indian Modern Art Expo 2023,Delhi,2024-07-06,165.07,51659,1963042
Johannes Vermeer,"No. 5, 1948",India Art Summit 2023,Lucknow,2025-06-16,35.35,28240,1524960
Salvador Dali,The Persistence of Memory,Creative Souls India 2024,Chennai,2025-08-25,336.6,48172,2023224
Vincent van Gogh,Marilyn Diptych,India Art Summit 2025,Pune,2023-05-01,293.29,48824,2587672
Georgia O'Keeffe,The Scream,India Art Summit 2025,Ahmedabad,2025-11-09,469.08,44598,1783920
Rene Magritte,The Two Fridas,Contemporary Expressions 2025,Hyderabad,2023-03-17,448.86,28769,920608
Gustav Klimt,The Persistence of Memory,Heritage & Modernity 2025,Bangalore,2024-01-19,283.52,52322,3086998
Pablo Picasso,Jimson Weed,Cultural Canvas 2024,Kolkata,2025-10-09,340.72,23263,767679
Gustav Klimt,Starry Night,India Art Summit 2025,Jaipur,2024-07-13,322.5,47000,2491000
Paul Cézanne,Les Demoiselles d'Avignon,Indian Modern Art Expo 2025,Mumbai,2023-08-18,219.65,32626,1924934
Claude Monet,The Two Fridas,Indian Heritage Showcase 2023,Delhi,2025-10-26,29.93,8458,372152
Paul Cézanne,The Son of Man,Fine Arts India Tour 2023,Lucknow,2024-09-03,373.39,38229,1338015
Johannes Vermeer,Marilyn Diptych,Contemporary Expressions 2023,Ahmedabad,2024-10-02,272.98,23894,931866
Gustav Klimt,"No. 5, 1948",Creative Souls India 2023,Lucknow,2023-09-15,198.12,40394,1615760
Rembrandt,The Night Watch,India Art Summit 2025,Jaipur,2023-11-22,204.51,20284,750508
Marc Chagall,Water Lilies,Fine Arts India Tour 2023,Bangalore,2025-02-06,282.33,57551,3568162
Frida Kahlo,Dance,Cultural Canvas 2023,Ahmedabad,2025-05-08,301.85,43395,1475430
Frida Kahlo,Les Demoiselles d'Avignon,India Art Summit 2025,Bangalore,2025-08-10,359.62,23319,1445778
Johannes Vermeer,The Son of Man,Contemporary Expressions 2025,Ahmedabad,2024-03-10,284.35,29601,2012868
Claude Monet,"No. 5, 1948",India Art Summit 2023,Kolkata,2023-07-03,228.35,26786,1553588
Henri Matisse,Radiant Baby,Contemporary Expressions 2023,Jaipur,2023-06-18,210.06,38874,2293566
Francis Bacon,Water Lilies,Creative Souls India 2025,Pune,2023-05-18,276.27,43164,1553904
Salvador Dali,Les Demoiselles d'Avignon,Indian Heritage Showcase 2025,Kolkata,2023-03-12,386.27,12208,854560
Vincent van Gogh,I and the Village,Contemporary Expressions 2024,Ahmedabad,2023-05-13,180.22,36372,1382136
Edvard Munch,Mona Lisa,Creative Souls India 2023,Kolkata,2024-06-10,95.68,50412,3075132
Vincent van Gogh,Girl with a Pearl Earring,Cultural Canvas 2025,Lucknow,2024-08-25,416.2,55175,3200150
Frida Kahlo,The Scream,National Art Festival 2024,Kolkata,2024-09-04,241.78,20197,1333002
Paul Cézanne,I and the Village,Fine Arts India Tour 2025,Pune,2024-08-18,143.12,40534,2715778
Henri Matisse,Marilyn Diptych,National Art Festival 2025,Ahmedabad,2024-05-05,70.04,29398,2028462
Salvador Dali,The Son of Man,Indian Modern Art Expo 2025,Bangalore,2025-08-06,99.09,10154,548316
Edvard Munch,Jimson Weed,Cultural Canvas 2024,Kolkata,2025-04-12,381.7,40000,1680000
Keith Haring,The Night Watch,Fine Arts India Tour 2025,Hyderabad,2023-10-14,134.76,40883,1308256
Johannes Vermeer,Radiant Baby,Indian Modern Art Expo 2024,Mumbai,2023-10-12,160.86,58619,1758570
Leonardo da Vinci,The Persistence of Memory,Indian Modern Art Expo 2023,Bangalore,2025-06-07,271.75,48720,1948800
Andy Warhol,Dance,National Art Festival 2023,Chennai,2023-03-01,311.43,28246,1045102
Gustav Klimt,Girl with a Pearl Earring,Contemporary Expressions 2023,Kolkata,2023-12-19,92.38,8067,508221
Rembrandt,Starry Night,Fine Arts India Tour 2023,Mumbai,2023-09-05,419.66,38090,1485510
Paul Cézanne,Girl with a Pearl Earring,National Art Festival 2025,Hyderabad,2025-02-05,415.03,19883,636256
Henri Matisse,Mona Lisa,India Art Summit 2023,Kolkata,2025-11-07,297.3,7365,360885
Pablo Picasso,The Night Watch,Contemporary Expressions 2023,Pune,2024-12-05,138.06,48983,3036946
Frida Kahlo,"No. 5, 1948",Fine Arts India Tour 2024,Hyderabad,2025-07-06,78.77,50455,3279575
Rembrandt,The Card Players,Heritage & Modernity 2025,Bangalore,2025-08-05,456.57,51078,2860368
Johannes Vermeer,The Persistence of Memory,Contemporary Expressions 2023,Kolkata,2025-04-25,412.77,17567,562144
Gustav Klimt,The Two Fridas,Heritage & Modernity 2023,Jaipur,2024-12-24,270.29,33695,1886920
Henri Matisse,Starry Night,National Art Festival 2023,Mumbai,2025-03-28,306.2,49106,1718710
Johannes Vermeer,Marilyn Diptych,National Art Festival 2024,Pune,2023-10-18,48.31,32947,1976820
Johannes Vermeer,Les Demoiselles d'Avignon,Indian Modern Art Expo 2024,Hyderabad,2023-11-24,198.98,43198,2419088
Edvard Munch,Dance,Cultural Canvas 2024,Hyderabad,2025-01-11,371.76,17607,581031
Banksy,"No. 5, 1948",Contemporary Expressions 2023,Bangalore,2023-05-02,209.93,30326,1304018
Georgia O'Keeffe,Les Demoiselles d'Avignon,National Art Festival 2024,Lucknow,2024-05-26,285.93,30041,1351845
Henri Matisse,Flower Thrower,Indian Heritage Showcase 2025,Hyderabad,2023-09-25,307.72,20286,1217160
Claude Monet,Starry Night,India Art Summit 2024,Lucknow,2023-10-18,419.05,19911,1274304
Jackson Pollock,I and the Village,Cultural Canvas 2025,Hyderabad,2023-11-10,90.05,52914,2910270
Salvador Dali,Radiant Baby,Contemporary Expressions 2024,Chennai,2023-03-02,147.33,26620,1677060
Georgia O'Keeffe,Jimson Weed,Indian Heritage Showcase 2023,Lucknow,2025-10-16,187.15,18644,615252
Banksy,Marilyn Diptych,Contemporary Expressions 2023,Hyderabad,2023-12-25,276.96,8382,502920
Andy Warhol,The Night Watch,India Art Summit 2024,Mumbai,2023-04-22,408.04,33109,1456796
Paul Cézanne,Three Studies for Figures,Contemporary Expressions 2025,Pune,2025-09-28,326.23,41554,2493240
Leonardo da Vinci,Marilyn Diptych,Fine Arts India Tour 2024,Kolkata,2023-06-21,181.59,57472,3275904
Andy Warhol,Water Lilies,Creative Souls India 2024,Ahmedabad,2025-11-26,163.54,24669,740070
Georgia O'Keeffe,The Night Watch,Indian Modern Art Expo 2025,Mumbai,2023-04-22,33.8,47236,1889440
Paul Cézanne,The Two Fridas,Heritage & Modernity 2024,Ahmedabad,2023-12-14,121.56,38312,1455856
Henri Matisse,The Kiss,Fine Arts India Tour 2023,Lucknow,2024-10-19,314.92,28490,968660
Andy Warhol,The Night Watch,Cultural Canvas 2025,Pune,2023-03-13,124.83,48199,2313552
Vincent van Gogh,Radiant Baby,India Art Summit 2024,Hyderabad,2024-07-16,382.11,34426,2065560
Francis Bacon,The Persistence of Memory,Indian Heritage Showcase 2024,Hyderabad,2023-04-06,446.21,25982,1584902
Salvador Dali,Dance,National Art Festival 2024,Hyderabad,2024-09-10,382.13,17333,987981
Vincent van Gogh,The Scream,Contemporary Expressions 2024,Jaipur,2023-06-03,18.28,58268,2796864
Leonardo da Vinci,Starry Night,Heritage & Modernity 2024,Pune,2025-03-19,66.05,35595,2064510
Francis Bacon,The Son of Man,Fine Arts India Tour 2023,Hyderabad,2023-12-08,62.78,45309,3171630
Rembrandt,The Persistence of Memory,National Art Festival 2024,Jaipur,2024-12-07,136.67,16969,593915
Keith Haring,The Persistence of Memory,India Art Summit 2025,Jaipur,2024-01-18,444.34,36448,1931744
Pablo Picasso,Marilyn Diptych,National Art Festival 2024,Jaipur,2024-07-25,241.28,29125,1543625
Gustav Klimt,The Scream,Contemporary Expressions 2023,Kolkata,2024-05-20,119.43,10717,375095
Frida Kahlo,Flower Thrower,India Art Summit 2023,Kolkata,2023-11-22,125.03,57307,2693429
Georgia O'Keeffe,The Card Players,Heritage & Modernity 2024,Ahmedabad,2023-06-15,430.76,48334,1885026
Marc Chagall,The Persistence of Memory,Cultural Canvas 2025,Hyderabad,2023-04-18,107.53,35818,2256534
Frida Kahlo,Flower Thrower,Indian Heritage Showcase 2025,Ahmedabad,2025-04-24,91.99,16040,1106760
Edvard Munch,Dance,National Art Festival 2025,Ahmedabad,2024-07-27,398.01,54989,2529494
Leonardo da Vinci,Three Studies for Figures,National Art Festival 2025,Mumbai,2025-02-09,377.16,11002,693126
Rene Magritte,The Scream,Creative Souls India 2025,Bangalore,2024-01-25,65.9,34812,2402028
Frida Kahlo,Dance,India Art Summit 2024,Jaipur,2025-04-16,35.11,17017,935935
Keith Haring,The Son of Man,National Art Festival 2025,Delhi,2024-08-26,82.78,39430,1734920
Rembrandt,Girl with a Pearl Earring,India Art Summit 2024,Bangalore,2023-02-26,239.78,51813,1554390
Rene Magritte,The Night Watch,Heritage & Modernity 2023,Ahmedabad,2023-02-13,299.71,19773,652509
Frida Kahlo,Girl with a Pearl Earring,National Art Festival 2024,Delhi,2024-01-22,236.27,38987,1715428
Marc Chagall,Dance,Indian Heritage Showcase 2024,Pune,2023-02-17,126.24,19582,763698
Rembrandt,Flower Thrower,Fine Arts India Tour 2023,Bangalore,2024-09-20,418.42,54933,1702923
Claude Monet,Girl with a Pearl Earring,Fine Arts India Tour 2025,Lucknow,2024-06-26,255.79,15903,922374
Salvador Dali,The Scream,Heritage & Modernity 2024,Bangalore,2025-08-10,349.31,36088,2490072
Henri Matisse,The Kiss,National Art Festival 2024,Kolkata,2024-08-23,295.28,55938,1957830
Paul Cézanne,Jimson Weed,Cultural Canvas 2025,Hyderabad,2023-11-24,25.46,37876,1704420
Claude Monet,Jimson Weed,Heritage & Modernity 2024,Delhi,2023-04-19,237.15,33626,1647674
Banksy,The Two Fridas,National Art Festival 2024,Lucknow,2023-09-08,425.74,38592,1736640
Rene Magritte,Flower Thrower,National Art Festival 2025,Jaipur,2023-12-07,236.49,42024,2731560
Rene Magritte,Jimson Weed,Indian Modern Art Expo 2024,Ahmedabad,2024-12-02,246.39,29299,966867
Rene Magritte,I and the Village,Indian Heritage Showcase 2024,Pune,2023-09-16,45.97,29305,1904825
Vincent van Gogh,The Two Fridas,Contemporary Expressions 2023,Mumbai,2025-01-07,110.06,41109,1808796
Marc Chagall,The Son of Man,Cultural Canvas 2025,Jaipur,2024-08-15,441.04,43536,1784976
Gustav Klimt,"No. 5, 1948",India Art Summit 2024,Jaipur,2025-06-11,246.72,16607,1112669
Paul Cézanne,The Son of Man,India Art Summit 2023,Pune,2024-07-25,312.22,55389,2603283
Frida Kahlo,Les Demoiselles d'Avignon,Indian Heritage Showcase 2023,Lucknow,2025-09-11,356.07,42207,1561659
Rene Magritte,Dance,Cultural Canvas 2025,Ahmedabad,2025-08-10,254.21,43944,1801704
Vincent van Gogh,The Two Fridas,Indian Heritage Showcase 2024,Mumbai,2025-05-11,438.97,29298,1025430
Andy Warhol,Mona Lisa,Heritage & Modernity 2023,Ahmedabad,2025-05-16,380.08,30179,1931456
Marc Chagall,I and the Village,Heritage & Modernity 2023,Jaipur,2025-09-18,406.25,14375,891250
Rembrandt,Three Studies for Figures,Indian Modern Art Expo 2025,Delhi,2023-01-07,457.17,18333,1246644
Andy Warhol,Radiant Baby,Contemporary Expressions 2025,Delhi,2023-02-27,146.43,22714,1340126
Rene Magritte,I and the Village,Contemporary Expressions 2023,Lucknow,2024-12-24,90.31,23623,1110281
Rene Magritte,Radiant Baby,Cultural Canvas 2023,Hyderabad,2024-09-17,436.24,6455,219470
Jackson Pollock,The Card Players,Cultural Canvas 2023,Jaipur,2025-05-17,483.22,28055,1711355
Leonardo da Vinci,The Scream,National Art Festival 2025,Pune,2025-12-13,371.5,9198,542682
Keith Haring,Marilyn Diptych,National Art Festival 2025,Ahmedabad,2023-10-14,431.6,52515,3623535
Rene Magritte,The Card Players,National Art Festival 2025,Chennai,2023-01-08,494.8,34151,1946607
Rene Magritte,The Night Watch,Indian Heritage Showcase 2024,Bangalore,2024-02-26,370.21,38590,2006680
Andy Warhol,Jimson Weed,Fine Arts India Tour 2023,Jaipur,2023-03-01,475.39,58784,1881088
Leonardo da Vinci,Flower Thrower,Cultural Canvas 2023,Chennai,2024-04-07,428.59,39315,1454655
Paul Cézanne,Mona Lisa,Contemporary Expressions 2023,Kolkata,2023-11-16,196.82,59458,2853984
Pablo Picasso,The Card Players,Indian Modern Art Expo 2025,Pune,2024-07-22,348.64,17615,810290
Andy Warhol,Water Lilies,Indian Heritage Showcase 2024,Jaipur,2023-10-09,367.8,25830,1317330
Salvador Dali,The Card Players,Indian Heritage Showcase 2025,Hyderabad,2023-01-10,383.22,10727,514896
Edvard Munch,Water Lilies,Cultural Canvas 2024,Chennai,2024-03-17,429.69,30868,1142116
Johannes Vermeer,Three Studies for Figures,Cultural Canvas 2023,Ahmedabad,2023-08-10,179.72,49459,3165376
Salvador Dali,The Two Fridas,Cultural Canvas 2023,Delhi,2023-01-10,97.31,16497,1088802
Rembrandt,Jimson Weed,Fine Arts India Tour 2024,Ahmedabad,2024-01-26,124.45,32017,2017071
Rembrandt,Radiant Baby,India Art Summit 2025,Bangalore,2025-05-25,328.69,11673,642015
Banksy,The Son of Man,Creative Souls India 2025,Kolkata,2024-04-22,39.45,9960,637440
Rembrandt,The Persistence of Memory,India Art Summit 2025,Jaipur,2024-02-13,461.33,13621,531219
Salvador Dali,Radiant Baby,Cultural Canvas 2025,Pune,2023-04-14,18.25,45139,2618062
Paul Cézanne,Jimson Weed,Heritage & Modernity 2023,Delhi,2024-04-06,449.16,24740,1583360
Vincent van Gogh,The Card Players,India Art Summit 2025,Lucknow,2025-08-10,465.14,45042,1531428
Rene Magritte,Flower Thrower,Cultural Canvas 2024,Lucknow,2025-05-03,29.04,22459,1482294
Pablo Picasso,I and the Village,Fine Arts India Tour 2024,Ahmedabad,2025-02-01,300.55,37922,2199476
Keith Haring,The Two Fridas,Heritage & Modernity 2025,Delhi,2025-11-26,76.95,54092,2325956
Leonardo da Vinci,The Kiss,Contemporary Expressions 2023,Ahmedabad,2023-10-19,424.12,58099,3834534
Edvard Munch,Flower Thrower,National Art Festival 2023,Pune,2024-12-07,353.04,43189,1425237
Marc Chagall,Three Studies for Figures,Creative Souls India 2025,Chennai,2023-03-24,420.92,14846,489918
Rembrandt,The Kiss,India Art Summit 2025,Bangalore,2023-01-13,46.98,18049,595617
Frida Kahlo,The Night Watch,Cultural Canvas 2024,Hyderabad,2025-06-06,403.28,39776,1988800
Marc Chagall,The Son of Man,Heritage & Modernity 2024,Chennai,2024-08-19,88.47,11375,580125
Edvard Munch,Radiant Baby,National Art Festival 2025,Pune,2025-06-13,34.26,53357,2827921
Gustav Klimt,The Scream,Creative Souls India 2025,Ahmedabad,2023-01-09,10.4,17788,907188
Rene Magritte,Les Demoiselles d'Avignon,Heritage & Modernity 2023,Mumbai,2025-09-15,133.12,34276,1748076
Andy Warhol,Les Demoiselles d'Avignon,Indian Heritage Showcase 2023,Delhi,2025-10-26,123.61,10488,388056
Henri Matisse,The Persistence of Memory,Indian Modern Art Expo 2023,Delhi,2023-10-27,315.18,40344,1331352
Pablo Picasso,The Two Fridas,Contemporary Expressions 2025,Jaipur,2024-01-05,116.02,25453,890855
Jackson Pollock,Radiant Baby,India Art Summit 2025,Ahmedabad,2025-03-03,10.95,21312,937728
Jackson Pollock,Water Lilies,National Art Festival 2023,Pune,2025-08-25,69.38,20363,1405047
Banksy,I and the Village,Cultural Canvas 2024,Bangalore,2024-03-14,426.27,46124,3228680
Marc Chagall,The Kiss,Contemporary Expressions 2023,Kolkata,2023-07-21,465.2,12199,378169
Claude Monet,Radiant Baby,National Art Festival 2024,Pune,2023-05-21,357.3,18976,1100608
Banksy,The Two Fridas,National Art Festival 2023,Delhi,2023-06-08,141.82,19764,1264896
Georgia O'Keeffe,The Scream,Fine Arts India Tour 2024,Kolkata,2023-12-18,83.5,23784,737304
Leonardo da Vinci,Flower Thrower,Indian Heritage Showcase 2024,Bangalore,2023-11-13,433.17,19884,1391880
Rembrandt,Water Lilies,Cultural Canvas 2025,Lucknow,2023-07-10,201.16,15038,451140
Salvador Dali,Marilyn Diptych,Heritage & Modernity 2025,Jaipur,2023-06-12,155.02,54239,3742491
Francis Bacon,Three Studies for Figures,Indian Heritage Showcase 2024,Chennai,2024-06-17,464.79,22150,1550500
Paul Cézanne,The Persistence of Memory,Indian Heritage Showcase 2023,Lucknow,2024-10-14,174.54,7389,443340
Pablo Picasso,Girl with a Pearl Earring,Indian Modern Art Expo 2025,Delhi,2024-06-09,374.75,8469,465795
Georgia O'Keeffe,The Two Fridas,Fine Arts India Tour 2025,Ahmedabad,2024-05-14,211.81,9577,545889
Gustav Klimt,Starry Night,Contemporary Expressions 2024,Bangalore,2023-03-08,361.3,58652,1818212
Paul Cézanne,The Card Players,National Art Festival 2024,Lucknow,2025-01-26,259.17,12222,733320
Henri Matisse,Dance,Creative Souls India 2024,Ahmedabad,2024-08-12,95.04,5688,398160
Rembrandt,I and the Village,Heritage & Modernity 2025,Kolkata,2024-06-15,44.63,48143,2840437
Jackson Pollock,The Scream,Indian Modern Art Expo 2024,Lucknow,2025-05-27,246.61,20863,1230917
Vincent van Gogh,Les Demoiselles d'Avignon,Heritage & Modernity 2024,Mumbai,2025-08-27,417.36,33235,1362635
Gustav Klimt,The Night Watch,Cultural Canvas 2024,Bangalore,2025-03-17,307.77,11649,396066
Banksy,Mona Lisa,Heritage & Modernity 2023,Lucknow,2023-03-19,176.07,39309,2515776
Gustav Klimt,The Two Fridas,India Art Summit 2023,Chennai,2024-10-19,121.19,24980,824340
Marc Chagall,Mona Lisa,Indian Modern Art Expo 2024,Hyderabad,2023-06-05,119.76,17567,667546
Francis Bacon,The Scream,Heritage & Modernity 2024,Chennai,2023-11-11,236.34,41355,2357235
Keith Haring,I and the Village,Heritage & Modernity 2023,Chennai,2024-06-11,122.39,9279,491787
Johannes Vermeer,The Night Watch,Creative Souls India 2025,Pune,2023-08-24,250.86,29209,1343614
Marc Chagall,Three Studies for Figures,National Art Festival 2025,Kolkata,2025-07-13,292.51,8537,460998
Keith Haring,Flower Thrower,Contemporary Expressions 2025,Lucknow,2024-02-23,47.46,35404,2372068
Gustav Klimt,Dance,Heritage & Modernity 2023,Pune,2023-06-11,73.17,32422,1621100
Banksy,The Son of Man,Indian Modern Art Expo 2025,Ahmedabad,2023-09-24,182.04,18971,739869
Henri Matisse,Radiant Baby,Heritage & Modernity 2023,Bangalore,2023-10-19,13.98,42082,2777412
Gustav Klimt,The Two Fridas,India Art Summit 2025,Kolkata,2023-12-23,126.11,7851,463209
Andy Warhol,The Card Players,Indian Modern Art Expo 2023,Ahmedabad,2023-06-23,40.32,29467,972411
Paul Cézanne,"No. 5, 1948",National Art Festival 2025,Kolkata,2024-10-11,434.63,58229,3377282
Andy Warhol,The Card Players,Cultural Canvas 2023,Chennai,2025-02-23,112.28,8033,490013
Keith Haring,Jimson Weed,Contemporary Expressions 2024,Hyderabad,2025-10-23,44.32,16639,1048257
Rene Magritte,Flower Thrower,Indian Modern Art Expo 2023,Ahmedabad,2023-10-05,442.2,43231,3026170
Gustav Klimt,The Night Watch,Indian Modern Art Expo 2025,Jaipur,2023-05-09,488.62,40485,2226675
Andy Warhol,Jimson Weed,India Art Summit 2023,Bangalore,2025-07-27,184.6,52477,3515959
Salvador Dali,Les Demoiselles d'Avignon,India Art Summit 2024,Mumbai,2025-06-24,176.51,19980,819180
Leonardo da Vinci,The Card Players,India Art Summit 2025,Delhi,2024-08-17,395.6,41039,1805716
Banksy,The Night Watch,Cultural Canvas 2024,Hyderabad,2025-07-13,160.04,48514,2813812
Frida Kahlo,The Night Watch,Indian Modern Art Expo 2025,Pune,2024-01-02,408.39,45748,2973620
Marc Chagall,Les Demoiselles d'Avignon,National Art Festival 2024,Delhi,2025-05-27,498.35,48485,3054555
Johannes Vermeer,Mona Lisa,Indian Modern Art Expo 2024,Jaipur,2024-12-13,301.05,15320,720040
Gustav Klimt,Water Lilies,Indian Heritage Showcase 2025,Lucknow,2025-11-06,161.02,53623,2413035
Rene Magritte,Jimson Weed,Creative Souls India 2024,Bangalore,2023-03-23,438.55,12156,632112
Andy Warhol,The Night Watch,Cultural Canvas 2023,Bangalore,2024-01-10,82.39,49616,2530416
Gustav Klimt,Les Demoiselles d'Avignon,National Art Festival 2024,Hyderabad,2025-09-01,41.77,29904,1046640
Henri Matisse,Les Demoiselles d'Avignon,Indian Modern Art Expo 2025,Delhi,2025-10-28,437.85,23959,1245868
Pablo Picasso,Radiant Baby,National Art Festival 2024,Pune,2024-01-08,71.77,25296,1062432
Johannes Vermeer,Jimson Weed,Creative Souls India 2025,Bangalore,2024-11-19,9.33,42396,2628552
Leonardo da Vinci,Girl with a Pearl Earring,India Art Summit 2025,Chennai,2024-04-13,424.82,39679,1428444
Edvard Munch,Radiant Baby,Cultural Canvas 2024,Mumbai,2023-04-03,434.01,36128,1661888
Frida Kahlo,The Night Watch,India Art Summit 2025,Mumbai,2024-09-14,108.94,28453,1564915
Frida Kahlo,Flower Thrower,Indian Heritage Showcase 2025,Chennai,2024-08-18,374.91,57965,1738950
Johannes Vermeer,Radiant Baby,Cultural Canvas 2023,Bangalore,2023-09-01,309.48,52758,2321352
Vincent van Gogh,Radiant Baby,Fine Arts India Tour 2024,Chennai,2024-10-14,438.13,25917,1710522
Claude Monet,Jimson Weed,National Art Festival 2023,Chennai,2024-09-25,290.31,7930,317200
Claude Monet,The Two Fridas,Fine Arts India Tour 2023,Hyderabad,2023-02-08,139.42,27872,1031264
Jackson Pollock,Marilyn Diptych,National Art Festival 2024,Mumbai,2025-06-12,423.08,8765,420720
Henri Matisse,The Scream,Indian Modern Art Expo 2024,Ahmedabad,2025-08-27,480.31,29259,907029
Claude Monet,Mona Lisa,Creative Souls India 2024,Bangalore,2025-11-12,35.57,13488,472080
Banksy,I and the Village,Heritage & Modernity 2023,Chennai,2025-03-22,78.65,6565,229775
Jackson Pollock,Radiant Baby,Contemporary Expressions 2023,Mumbai,2024-01-06,68.12,54387,3752703
Johannes Vermeer,Flower Thrower,Fine Arts India Tour 2025,Hyderabad,2024-03-11,229.82,25136,1181392
Salvador Dali,Dance,Heritage & Modernity 2023,Delhi,2025-11-26,275.19,41749,1753458
Rembrandt,Dance,Fine Arts India Tour 2023,Mumbai,2024-06-16,264.88,32606,1532482
Francis Bacon,I and the Village,Contemporary Expressions 2024,Mumbai,2025-05-07,284.52,48848,2686640
Pablo Picasso,The Kiss,National Art Festival 2024,Delhi,2024-02-22,278.3,15511,558396
Marc Chagall,I and the Village,India Art Summit 2024,Delhi,2024-10-11,372.11,55445,2772250
Paul Cézanne,Marilyn Diptych,Creative Souls India 2024,Hyderabad,2023-11-08,254.38,45594,2826828
Edvard Munch,Girl with a Pearl Earring,Indian Modern Art Expo 2025,Jaipur,2023-12-10,106.67,19883,815203
Paul Cézanne,I and the Village,Indian Modern Art Expo 2024,Delhi,2024-05-25,220.14,8873,470269
Pablo Picasso,Three Studies for Figures,Heritage & Modernity 2023,Lucknow,2024-04-17,296.03,43729,1705431
Claude Monet,Three Studies for Figures,Indian Modern Art Expo 2023,Bangalore,2024-06-13,133.77,18099,1194534
Gustav Klimt,Mona Lisa,Indian Heritage Showcase 2023,Delhi,2023-06-09,396.12,35607,2350062
Henri Matisse,Radiant Baby,National Art Festival 2025,Lucknow,2023-03-22,82.85,9426,414744
Francis Bacon,Flower Thrower,Indian Heritage Showcase 2024,Lucknow,2025-02-24,420.07,49292,2415308
Paul Cézanne,Starry Night,Indian Heritage Showcase 2023,Pune,2024-04-12,167.22,23918,1506834
Francis Bacon,The Persistence of Memory,Creative Souls India 2023,Kolkata,2024-05-09,182.38,43090,2326860
Edvard Munch,Mona Lisa,Indian Heritage Showcase 2024,Ahmedabad,2024-10-19,318.56,34267,1542015
Andy Warhol,Three Studies for Figures,Cultural Canvas 2024,Ahmedabad,2025-12-04,469.74,57420,4019400
Banksy,Girl with a Pearl Earring,India Art Summit 2025,Kolkata,2025-08-18,419.3,50292,1860804
Henri Matisse,The Night Watch,Indian Modern Art Expo 2025,Hyderabad,2024-12-24,72.44,13045,743565
Keith Haring,Marilyn Diptych,Heritage & Modernity 2024,Mumbai,2023-06-04,402.86,12024,817632
Vincent van Gogh,Dance,Indian Modern Art Expo 2023,Lucknow,2025-05-07,12.0,51869,3164009
Rene Magritte,The Scream,Creative Souls India 2024,Mumbai,2025-10-26,372.46,13843,789051
Vincent van Gogh,Girl with a Pearl Earring,Cultural Canvas 2024,Kolkata,2023-07-15,93.2,40081,2685427
Andy Warhol,Water Lilies,Creative Souls India 2023,Kolkata,2023-05-20,285.81,47761,1862679
Andy Warhol,The Card Players,Indian Heritage Showcase 2025,Bangalore,2024-02-05,324.76,55675,2505375
Claude Monet,Flower Thrower,Heritage & Modernity 2023,Lucknow,2024-08-13,481.27,34302,1166268
Francis Bacon,The Card Players,Heritage & Modernity 2023,Kolkata,2025-01-08,494.15,13036,703944
Edvard Munch,The Persistence of Memory,Fine Arts India Tour 2023,Mumbai,2025-01-03,317.97,32069,1988278
Frida Kahlo,The Kiss,Creative Souls India 2024,Delhi,2025-06-24,467.33,19997,1179823
Paul Cézanne,The Scream,India Art Summit 2023,Ahmedabad,2024-11-27,189.11,15785,710325
Gustav Klimt,Dance,Contemporary Expressions 2023,Chennai,2023-10-16,442.61,20986,986342
Georgia O'Keeffe,The Two Fridas,Indian Modern Art Expo 2024,Kolkata,2023-03-27,383.67,58515,2574660
Rembrandt,Radiant Baby,Cultural Canvas 2024,Bangalore,2025-11-25,458.25,5346,304722
Pablo Picasso,Les Demoiselles d'Avignon,National Art Festival 2023,Hyderabad,2024-06-12,340.85,18530,1241510
Rembrandt,"No. 5, 1948",Indian Heritage Showcase 2024,Pune,2024-09-27,292.54,44618,2766316
Keith Haring,Jimson Weed,India Art Summit 2025,Hyderabad,2023-02-04,252.54,22603,994532
Jackson Pollock,Dance,National Art Festival 2025,Ahmedabad,2023-04-14,495.94,37034,1999836
Rembrandt,Radiant Baby,Contemporary Expressions 2023,Pune,2024-10-09,487.48,41164,2264020
Claude Monet,The Kiss,India Art Summit 2025,Pune,2025-11-27,378.3,11098,710272
Marc Chagall,Les Demoiselles d'Avignon,Cultural Canvas 2025,Delhi,2025-05-26,403.85,49282,1921998
Jackson Pollock,"No. 5, 1948",Fine Arts India Tour 2025,Mumbai,2024-01-02,348.89,36710,1138010
Banksy,The Son of Man,Heritage & Modernity 2024,Jaipur,2023-05-15,213.26,33434,1838870
Paul Cézanne,Starry Night,National Art Festival 2023,Pune,2025-09-07,71.68,29334,1085358
Jackson Pollock,"No. 5, 1948",Contemporary Expressions 2023,Bangalore,2024-02-25,193.76,17818,659266
Keith Haring,The Two Fridas,Fine Arts India Tour 2023,Delhi,2025-10-11,309.43,51043,2909451
Rene Magritte,Three Studies for Figures,India Art Summit 2024,Delhi,2025-11-04,263.27,46399,2041556
Paul Cézanne,Girl with a Pearl Earring,Contemporary Expressions 2024,Ahmedabad,2025-11-05,483.55,58956,2711976
Rembrandt,The Scream,Indian Heritage Showcase 2024,Chennai,2025-02-18,150.95,19931,1136067
Salvador Dali,Three Studies for Figures,Indian Modern Art Expo 2023,Jaipur,2024-03-25,380.08,49928,2895824
Vincent van Gogh,Water Lilies,National Art Festival 2024,Jaipur,2023-01-15,199.45,50884,1831824
Rembrandt,Jimson Weed,Indian Modern Art Expo 2023,Pune,2025-01-08,55.32,47023,1833897
Salvador Dali,"No. 5, 1948",Contemporary Expressions 2023,Pune,2023-11-28,116.1,51757,3571233
Marc Chagall,The Two Fridas,National Art Festival 2025,Bangalore,2025-12-11,76.22,21789,1350918
Johannes Vermeer,The Night Watch,Cultural Canvas 2025,Kolkata,2023-09-11,136.63,17922,663114
Leonardo da Vinci,Dance,India Art Summit 2024,Mumbai,2024-04-20,378.39,44435,3110450
Banksy,The Persistence of Memory,Creative Souls India 2024,Delhi,2023-03-21,397.45,15993,639720
Gustav Klimt,Marilyn Diptych,Cultural Canvas 2023,Ahmedabad,2025-02-03,453.84,50697,1977183
Keith Haring,"No. 5, 1948",Creative Souls India 2023,Mumbai,2025-09-15,449.78,43598,1569528
Rembrandt,The Kiss,Heritage & Modernity 2023,Hyderabad,2024-06-18,339.77,30522,1159836
Rembrandt,Dance,India Art Summit 2025,Chennai,2025-04-25,55.24,30248,1330912
Paul Cézanne,The Night Watch,Fine Arts India Tour 2025,Hyderabad,2024-06-20,203.8,37119,2190021
Andy Warhol,The Son of Man,Indian Modern Art Expo 2023,Ahmedabad,2024-02-09,489.07,33166,1658300
Vincent van Gogh,I and the Village,Contemporary Expressions 2025,Bangalore,2024-02-27,159.16,21711,955284
Henri Matisse,Three Studies for Figures,Contemporary Expressions 2023,Chennai,2023-08-19,432.22,48129,1877031
Francis Bacon,Three Studies for Figures,India Art Summit 2024,Kolkata,2023-01-16,52.0,8066,379102
Paul Cézanne,The Card Players,Fine Arts India Tour 2023,Bangalore,2024-02-05,73.84,39680,1230080
Johannes Vermeer,Starry Night,Cultural Canvas 2023,Jaipur,2023-03-21,207.84,51758,2587900
Gustav Klimt,The Night Watch,Cultural Canvas 2023,Jaipur,2024-09-18,49.39,11059,552950
Paul Cézanne,The Scream,Contemporary Expressions 2024,Kolkata,2025-09-01,426.51,13208,818896
Frida Kahlo,Flower Thrower,Contemporary Expressions 2024,Kolkata,2025-01-19,116.16,41915,1676600
Andy Warhol,Marilyn Diptych,Indian Heritage Showcase 2025,Hyderabad,2023-07-23,207.91,11121,489324
Vincent van Gogh,The Card Players,Indian Modern Art Expo 2024,Delhi,2023-09-18,258.48,53184,3350592
Jackson Pollock,The Kiss,Indian Heritage Showcase 2025,Mumbai,2023-12-04,210.8,40041,2562624
Vincent van Gogh,Mona Lisa,Contemporary Expressions 2025,Bangalore,2024-12-11,124.27,51423,2931111
Francis Bacon,I and the Village,Creative Souls India 2025,Hyderabad,2024-11-14,259.99,30484,1005972
Francis Bacon,Jimson Weed,Creative Souls India 2025,Ahmedabad,2024-03-01,392.95,30780,1261980
Keith Haring,The Card Players,India Art Summit 2025,Ahmedabad,2024-11-28,112.47,33545,1979155
Marc Chagall,Jimson Weed,Contemporary Expressions 2024,Delhi,2023-09-05,51.48,28468,1508804
Johannes Vermeer,The Night Watch,Heritage & Modernity 2023,Mumbai,2023-03-03,317.43,49623,2084166
Francis Bacon,Marilyn Diptych,Indian Modern Art Expo 2024,Ahmedabad,2025-12-13,62.14,47543,2947666
Banksy,I and the Village,Indian Modern Art Expo 2023,Lucknow,2024-11-17,142.6,17634,740628
Rene Magritte,Starry Night,Contemporary Expressions 2023,Chennai,2025-10-16,380.52,5293,169376
Paul Cézanne,Mona Lisa,Indian Heritage Showcase 2023,Bangalore,2023-03-15,343.21,38203,1910150
Pablo Picasso,The Two Fridas,India Art Summit 2023,Delhi,2024-12-26,403.81,13418,737990
Rembrandt,Jimson Weed,Creative Souls India 2024,Kolkata,2023-06-15,370.61,57604,3225824
Keith Haring,Water Lilies,Fine Arts India Tour 2023,Kolkata,2025-06-22,283.61,53701,3544266
Georgia O'Keeffe,Jimson Weed,Contemporary Expressions 2023,Jaipur,2025-05-28,237.02,7087,361437
Rene Magritte,The Son of Man,Indian Modern Art Expo 2024,Pune,2024-05-19,469.88,11446,583746
Andy Warhol,Marilyn Diptych,Cultural Canvas 2024,Kolkata,2024-08-28,273.36,14159,835381
Francis Bacon,Flower Thrower,Fine Arts India Tour 2025,Ahmedabad,2023-08-18,407.65,20364,1303296
Marc Chagall,Radiant Baby,Indian Modern Art Expo 2023,Mumbai,2024-08-13,144.46,14347,860820
Vincent van Gogh,Les Demoiselles d'Avignon,Fine Arts India Tour 2024,Kolkata,2024-11-14,115.58,36611,2123438
Leonardo da Vinci,The Son of Man,Contemporary Expressions 2025,Hyderabad,2025-07-13,340.9,15832,902424
Jackson Pollock,Water Lilies,Indian Heritage Showcase 2023,Delhi,2024-01-26,453.74,56190,2247600
Andy Warhol,Les Demoiselles d'Avignon,Indian Heritage Showcase 2025,Delhi,2024-10-26,165.21,48657,3357333
Henri Matisse,Radiant Baby,National Art Festival 2025,Kolkata,2024-02-13,222.12,46547,2094615
Leonardo da Vinci,Jimson Weed,Heritage & Modernity 2023,Jaipur,2025-09-13,265.72,48273,1882647
Gustav Klimt,Marilyn Diptych,Contemporary Expressions 2025,Delhi,2025-10-18,162.45,52676,2897180
Gustav Klimt,Radiant Baby,Cultural Canvas 2025,Jaipur,2025-04-24,93.15,48231,3086784
Marc Chagall,"No. 5, 1948",National Art Festival 2025,Pune,2024-02-27,428.96,50226,2712204
Leonardo da Vinci,Jimson Weed,India Art Summit 2024,Jaipur,2024-12-07,50.53,40808,2611712
Leonardo da Vinci,Dance,Heritage & Modernity 2023,Ahmedabad,2025-05-17,107.05,15342,828468
Rembrandt,I and the Village,Contemporary Expressions 2025,Ahmedabad,2023-02-08,158.65,6125,196000
Rene Magritte,The Night Watch,Indian Modern Art Expo 2025,Kolkata,2024-07-27,174.59,44845,2914925
Johannes Vermeer,The Scream,Contemporary Expressions 2023,Chennai,2024-08-20,115.83,56291,2364222
Marc Chagall,Dance,National Art Festival 2023,Hyderabad,2025-07-13,230.98,56284,2251360
Keith Haring,Starry Night,National Art Festival 2025,Bangalore,2025-05-24,341.72,44283,1992735
Vincent van Gogh,The Two Fridas,National Art Festival 2025,Kolkata,2024-09-09,113.54,25518,1046238
Georgia O'Keeffe,The Two Fridas,Contemporary Expressions 2025,Mumbai,2023-05-20,178.91,34002,2244132
Keith Haring,Water Lilies,Heritage & Modernity 2024,Bangalore,2025-01-17,327.47,39113,1486294
Andy Warhol,"No. 5, 1948",Creative Souls India 2024,Bangalore,2024-07-16,312.5,15940,653540
Georgia O'Keeffe,The Scream,Heritage & Modernity 2023,Ahmedabad,2025-04-23,451.82,46198,2679484
Salvador Dali,"No. 5, 1948",Indian Modern Art Expo 2024,Ahmedabad,2025-10-23,354.06,45760,2745600
Johannes Vermeer,The Card Players,Indian Heritage Showcase 2025,Lucknow,2024-01-17,460.7,22394,806184
Leonardo da Vinci,Les Demoiselles d'Avignon,India Art Summit 2023,Lucknow,2024-09-09,129.78,35993,1151776
Rene Magritte,The Two Fridas,India Art Summit 2023,Pune,2024-03-05,443.68,51516,2472768
Gustav Klimt,The Card Players,Indian Heritage Showcase 2024,Pune,2025-02-09,142.58,20535,1375845
Leonardo da Vinci,Les Demoiselles d'Avignon,Cultural Canvas 2025,Mumbai,2023-04-27,277.46,52678,3266036
Rene Magritte,The Son of Man,Indian Heritage Showcase 2023,Chennai,2025-05-01,258.25,59780,3825920
Salvador Dali,Flower Thrower,Indian Heritage Showcase 2023,Lucknow,2025-05-07,461.82,22013,1430845
Johannes Vermeer,Radiant Baby,National Art Festival 2024,Jaipur,2024-09-15,119.39,58550,2751850
Johannes Vermeer,"No. 5, 1948",Cultural Canvas 2023,Pune,2023-09-26,385.83,8552,316424
Paul Cézanne,The Kiss,Creative Souls India 2023,Chennai,2025-09-08,473.2,45236,2714160
Jackson Pollock,Water Lilies,National Art Festival 2023,Ahmedabad,2023-07-09,287.84,56159,3818812
Rembrandt,Three Studies for Figures,Indian Modern Art Expo 2024,Bangalore,2024-02-06,158.82,49828,2640884
Edvard Munch,Water Lilies,Indian Modern Art Expo 2023,Hyderabad,2025-03-15,104.15,37949,1480011
Gustav Klimt,Dance,India Art Summit 2023,Kolkata,2025-03-03,25.49,5979,197307
Francis Bacon,I and the Village,National Art Festival 2025,Kolkata,2023-10-26,9.58,23628,1346796
Frida Kahlo,The Card Players,Cultural Canvas 2025,Lucknow,2025-11-15,482.15,37049,1704254
Marc Chagall,Girl with a Pearl Earring,National Art Festival 2023,Jaipur,2023-08-09,301.17,6791,454997
Frida Kahlo,Three Studies for Figures,Indian Heritage Showcase 2023,Hyderabad,2024-06-07,221.09,52336,3035488
Andy Warhol,"No. 5, 1948",National Art Festival 2024,Jaipur,2024-06-02,486.86,36191,2171460
Rene Magritte,The Kiss,Fine Arts India Tour 2023,Ahmedabad,2024-05-15,259.89,34242,1917552
Andy Warhol,The Son of Man,Cultural Canvas 2024,Mumbai,2024-11-16,201.59,20658,1301454
Paul Cézanne,The Persistence of Memory,National Art Festival 2025,Mumbai,2024-11-25,337.97,57439,3848413
Francis Bacon,Three Studies for Figures,National Art Festival 2023,Delhi,2024-05-28,344.88,37893,1818864
Frida Kahlo,Three Studies for Figures,National Art Festival 2024,Jaipur,2024-10-15,57.83,51058,2144436
Leonardo da Vinci,The Two Fridas,Contemporary Expressions 2023,Ahmedabad,2024-06-15,494.28,22171,1374602
Paul Cézanne,The Persistence of Memory,Cultural Canvas 2025,Bangalore,2025-08-12,79.93,57773,3061969
Edvard Munch,Flower Thrower,Heritage & Modernity 2023,Kolkata,2025-11-27,238.14,39784,2745096
Georgia O'Keeffe,The Scream,India Art Summit 2025,Mumbai,2025-11-22,227.51,7275,320100
Edvard Munch,Girl with a Pearl Earring,Indian Modern Art Expo 2025,Delhi,2024-04-13,353.54,25558,1124552
Johannes Vermeer,Girl with a Pearl Earring,National Art Festival 2025,Chennai,2024-08-02,121.37,30295,1484455
Jackson Pollock,Jimson Weed,Indian Heritage Showcase 2023,Mumbai,2023-04-27,355.07,13384,575512
Keith Haring,Jimson Weed,Fine Arts India Tour 2024,Bangalore,2024-08-23,259.34,38359,1611078
Paul Cézanne,Starry Night,Cultural Canvas 2025,Lucknow,2025-11-19,414.47,59367,3205818
Leonardo da Vinci,Water Lilies,Cultural Canvas 2025,Hyderabad,2024-02-06,469.51,47132,2450864
Georgia O'Keeffe,Flower Thrower,National Art Festival 2024,Ahmedabad,2023-05-13,471.13,41938,2138838
Edvard Munch,Les Demoiselles d'Avignon,Indian Heritage Showcase 2023,Ahmedabad,2025-12-26,90.02,59336,2492112
Keith Haring,The Scream,Indian Modern Art Expo 2023,Ahmedabad,2025-05-20,72.69,5530,254380
Leonardo da Vinci,"No. 5, 1948",Indian Modern Art Expo 2023,Chennai,2025-05-25,183.54,31196,1653388
Edvard Munch,The Persistence of Memory,Creative Souls India 2023,Hyderabad,2025-11-23,490.0,30309,1666995
Frida Kahlo,The Kiss,National Art Festival 2023,Kolkata,2025-11-25,218.88,26533,1406249
Claude Monet,Jimson Weed,Contemporary Expressions 2025,Lucknow,2023-10-14,268.12,27627,1353723
Pablo Picasso,Jimson Weed,National Art Festival 2023,Bangalore,2023-03-13,182.51,21882,1203510
Claude Monet,The Persistence of Memory,Cultural Canvas 2025,Mumbai,2023-02-15,26.27,36432,2440944
Henri Matisse,Radiant Baby,Heritage & Modernity 2025,Bangalore,2024-04-03,169.31,16303,798847
Francis Bacon,Radiant Baby,Contemporary Expressions 2025,Hyderabad,2025-08-15,123.8,30868,2129892
Keith Haring,Marilyn Diptych,India Art Summit 2025,Pune,2024-01-12,370.46,10360,549080
Salvador Dali,Mona Lisa,Creative Souls India 2024,Jaipur,2023-01-18,232.51,54024,2160960
Henri Matisse,The Kiss,Contemporary Expressions 2025,Hyderabad,2023-06-16,477.54,5084,167772
Jackson Pollock,Jimson Weed,Fine Arts India Tour 2023,Kolkata,2024-03-15,317.13,23291,698730
Claude Monet,Flower Thrower,Indian Modern Art Expo 2024,Chennai,2025-08-18,266.77,43617,2006382
Edvard Munch,The Scream,Contemporary Expressions 2024,Pune,2023-09-23,366.51,36366,2000130
Frida Kahlo,Les Demoiselles d'Avignon,India Art Summit 2023,Delhi,2025-03-07,61.32,33911,2305948
Salvador Dali,Mona Lisa,Fine Arts India Tour 2024,Jaipur,2023-12-27,135.78,11767,388311
Paul Cézanne,Starry Night,National Art Festival 2023,Lucknow,2023-05-13,452.0,7002,350100
Rene Magritte,Radiant Baby,Contemporary Expressions 2025,Chennai,2025-12-03,80.17,53731,2632819
Leonardo da Vinci,The Scream,Creative Souls India 2023,Jaipur,2025-12-06,266.27,48531,2183895
Andy Warhol,Dance,Cultural Canvas 2024,Jaipur,2025-12-21,87.04,45718,2651644
Leonardo da Vinci,Dance,Cultural Canvas 2025,Kolkata,2023-07-25,492.63,14968,928016
Paul Cézanne,Flower Thrower,Indian Modern Art Expo 2023,Pune,2023-04-06,443.08,26008,1118344
Rene Magritte,Starry Night,Indian Modern Art Expo 2023,Lucknow,2024-12-02,178.31,18595,1190080
Leonardo da Vinci,The Two Fridas,National Art Festival 2023,Kolkata,2023-07-20,250.75,43087,2628307
Leonardo da Vinci,Flower Thrower,National Art Festival 2025,Jaipur,2025-11-20,107.47,32040,1602000
Keith Haring,"No. 5, 1948",Heritage & Modernity 2025,Ahmedabad,2025-05-14,480.69,5540,310240
Keith Haring,I and the Village,Fine Arts India Tour 2025,Delhi,2023-07-25,390.33,53063,2016394
Paul Cézanne,The Scream,National Art Festival 2023,Chennai,2025-12-06,459.1,30947,2073449
Johannes Vermeer,The Card Players,Indian Heritage Showcase 2023,Hyderabad,2023-09-28,77.81,18058,975132
Vincent van Gogh,Radiant Baby,Heritage & Modernity 2024,Chennai,2025-02-05,389.3,37992,2241528
Banksy,Jimson Weed,Indian Heritage Showcase 2024,Hyderabad,2023-06-13,482.59,23304,1631280
Frida Kahlo,Dance,Indian Heritage Showcase 2023,Delhi,2024-11-06,56.28,20146,1067738
Keith Haring,The Son of Man,Indian Modern Art Expo 2025,Chennai,2024-08-17,207.5,42058,2313190
Pablo Picasso,Radiant Baby,Cultural Canvas 2023,Mumbai,2024-05-27,61.18,8859,327783
Rene Magritte,Jimson Weed,National Art Festival 2024,Pune,2025-12-05,207.59,29389,1146171
Marc Chagall,Three Studies for Figures,Contemporary Expressions 2024,Delhi,2023-02-03,146.62,55581,2223240
Vincent van Gogh,Radiant Baby,India Art Summit 2024,Hyderabad,2023-09-05,197.06,20939,816621
Leonardo da Vinci,The Two Fridas,Creative Souls India 2025,Hyderabad,2025-12-18,292.83,56298,2871198
Edvard Munch,Les Demoiselles d'Avignon,Contemporary Expressions 2025,Pune,2024-02-07,216.96,6808,313168
Marc Chagall,The Persistence of Memory,Contemporary Expressions 2024,Pune,2024-07-14,269.89,39560,2413160
Rembrandt,Jimson Weed,National Art Festival 2025,Delhi,2024-06-13,351.22,34748,2293368
Henri Matisse,Mona Lisa,Indian Modern Art Expo 2023,Pune,2025-01-15,117.25,44250,1593000
Leonardo da Vinci,Jimson Weed,National Art Festival 2025,Lucknow,2023-10-09,121.73,29347,1995596
Vincent van Gogh,The Card Players,National Art Festival 2024,Pune,2023-09-15,469.01,35618,1282248
Leonardo da Vinci,Radiant Baby,Cultural Canvas 2025,Kolkata,2024-01-24,8.96,50784,2843904
Marc Chagall,Water Lilies,Creative Souls India 2024,Chennai,2024-03-13,118.18,14174,708700
Johannes Vermeer,Jimson Weed,India Art Summit 2023,Bangalore,2025-03-17,421.81,39235,1961750
Banksy,The Two Fridas,Indian Modern Art Expo 2023,Hyderabad,2023-06-01,94.33,29682,890460
Keith Haring,Dance,Heritage & Modernity 2023,Hyderabad,2024-02-10,399.93,51300,2308500
Pablo Picasso,The Scream,Cultural Canvas 2024,Mumbai,2023-04-21,308.99,21360,854400
Claude Monet,The Two Fridas,National Art Festival 2025,Ahmedabad,2023-06-14,13.69,49005,2009205
Banksy,The Kiss,Indian Modern Art Expo 2024,Chennai,2023-07-09,234.79,27516,1375800
Salvador Dali,Girl with a Pearl Earring,India Art Summit 2024,Lucknow,2024-08-22,67.38,59386,3978862
Andy Warhol,Flower Thrower,Fine Arts India Tour 2023,Chennai,2023-10-26,499.38,31924,2202756
Gustav Klimt,The Persistence of Memory,Indian Heritage Showcase 2024,Jaipur,2024-04-01,358.39,17013,1156884
Paul Cézanne,The Night Watch,Indian Heritage Showcase 2025,Hyderabad,2023-10-21,28.77,18930,738270
Rene Magritte,The Night Watch,Fine Arts India Tour 2024,Mumbai,2025-06-19,405.35,57773,2657558
Paul Cézanne,The Scream,India Art Summit 2025,Mumbai,2025-07-21,66.93,36248,1812400
Johannes Vermeer,Girl with a Pearl Earring,Contemporary Expressions 2024,Chennai,2023-09-22,366.96,23497,704910
Johannes Vermeer,Les Demoiselles d'Avignon,India Art Summit 2023,Jaipur,2023-02-16,186.14,33323,1466212
Jackson Pollock,Girl with a Pearl Earring,Contemporary Expressions 2025,Mumbai,2025-10-27,128.0,20572,864024
Edvard Munch,The Card Players,Fine Arts India Tour 2024,Mumbai,2025-09-28,489.89,53961,3561426
Edvard Munch,The Persistence of Memory,Cultural Canvas 2025,Kolkata,2025-08-13,326.39,27163,977868
Henri Matisse,Flower Thrower,Indian Heritage Showcase 2023,Bangalore,2025-03-28,221.13,19835,1249605
Johannes Vermeer,The Night Watch,National Art Festival 2024,Ahmedabad,2025-07-09,309.8,37320,1119600
Henri Matisse,The Kiss,Contemporary Expressions 2023,Lucknow,2024-02-13,272.85,13950,627750
Georgia O'Keeffe,"No. 5, 1948",Creative Souls India 2024,Hyderabad,2025-12-28,117.97,39842,1513996
Keith Haring,Dance,National Art Festival 2023,Bangalore,2024-02-26,470.42,30306,1636524
Rembrandt,Radiant Baby,National Art Festival 2023,Lucknow,2024-05-19,496.06,53931,3559446
Gustav Klimt,The Kiss,Contemporary Expressions 2025,Delhi,2024-07-24,218.53,5225,214225
Salvador Dali,Dance,Cultural Canvas 2024,Hyderabad,2024-02-05,105.93,59755,1971915
Banksy,The Two Fridas,Indian Modern Art Expo 2024,Chennai,2025-01-09,219.61,29611,1480550
Banksy,The Scream,Indian Modern Art Expo 2025,Chennai,2023-08-12,396.65,18510,999540
Johannes Vermeer,The Scream,Indian Heritage Showcase 2023,Jaipur,2025-08-06,256.29,26225,1285025
Frida Kahlo,Les Demoiselles d'Avignon,National Art Festival 2023,Pune,2024-03-24,38.76,56560,1866480
Leonardo da Vinci,The Night Watch,Fine Arts India Tour 2023,Jaipur,2023-04-24,17.45,17564,772816
Francis Bacon,Flower Thrower,National Art Festival 2025,Mumbai,2023-01-05,416.49,7104,298368
Rene Magritte,The Persistence of Memory,Cultural Canvas 2025,Pune,2023-11-08,476.1,25155,1081665
Leonardo da Vinci,The Persistence of Memory,Indian Heritage Showcase 2023,Lucknow,2023-05-27,339.5,29802,1370892
Salvador Dali,Radiant Baby,Heritage & Modernity 2025,Lucknow,2023-01-15,292.86,10161,457245
Henri Matisse,The Card Players,India Art Summit 2023,Pune,2024-05-18,407.18,46980,2349000
Jackson Pollock,The Kiss,Heritage & Modernity 2023,Delhi,2023-08-20,298.94,23213,1485632
Salvador Dali,Mona Lisa,India Art Summit 2025,Hyderabad,2023-08-17,141.76,40249,2334442
Claude Monet,Marilyn Diptych,Fine Arts India Tour 2025,Bangalore,2024-02-07,303.52,48284,1689940
Edvard Munch,Three Studies for Figures,Cultural Canvas 2023,Delhi,2023-04-03,292.83,6940,263720
Leonardo da Vinci,The Two Fridas,Cultural Canvas 2024,Ahmedabad,2024-09-06,282.67,23996,1295784
Leonardo da Vinci,The Two Fridas,Heritage & Modernity 2023,Ahmedabad,2024-05-19,473.72,29191,1167640
Rembrandt,The Kiss,Contemporary Expressions 2025,Chennai,2023-04-01,171.72,32868,1314720
Salvador Dali,Girl with a Pearl Earring,Indian Modern Art Expo 2025,Chennai,2024-09-25,21.69,27703,1357447
Salvador Dali,The Night Watch,Contemporary Expressions 2025,Hyderabad,2025-05-06,21.68,16161,484830
Banksy,The Night Watch,Fine Arts India Tour 2025,Lucknow,2023-10-04,240.63,36884,1549128
Georgia O'Keeffe,Marilyn Diptych,National Art Festival 2024,Jaipur,2024-06-23,160.97,39348,2006748
Keith Haring,The Son of Man,Fine Arts India Tour 2025,Mumbai,2025-10-03,447.85,15127,831985
Rembrandt,Girl with a Pearl Earring,Fine Arts India Tour 2023,Kolkata,2023-02-17,199.77,10803,594165
Johannes Vermeer,The Card Players,India Art Summit 2023,Delhi,2024-01-06,215.39,31066,1677564
Andy Warhol,Water Lilies,Heritage & Modernity 2024,Delhi,2025-01-12,413.63,23539,776787
Andy Warhol,The Son of Man,Cultural Canvas 2024,Bangalore,2025-07-04,298.97,47323,2744734
Paul Cézanne,Marilyn Diptych,Contemporary Expressions 2025,Pune,2024-10-01,413.32,26514,1643868
Marc Chagall,Radiant Baby,National Art Festival 2025,Bangalore,2025-05-24,135.2,30291,1453968
Gustav Klimt,The Card Players,Indian Heritage Showcase 2023,Bangalore,2023-01-22,445.35,29552,886560
Claude Monet,"No. 5, 1948",Contemporary Expressions 2024,Chennai,2025-09-01,445.5,47486,1614524
Marc Chagall,The Kiss,Contemporary Expressions 2025,Delhi,2025-01-10,317.55,14486,666356
Rene Magritte,Marilyn Diptych,Fine Arts India Tour 2024,Bangalore,2023-04-13,379.48,23571,1390689
Keith Haring,The Persistence of Memory,Creative Souls India 2023,Bangalore,2024-08-19,80.59,41199,2142348
Keith Haring,Starry Night,Contemporary Expressions 2024,Bangalore,2023-11-17,274.78,43050,1808100
Frida Kahlo,Dance,Heritage & Modernity 2024,Ahmedabad,2025-07-04,365.75,58638,2638710
Andy Warhol,"No. 5, 1948",Indian Heritage Showcase 2025,Kolkata,2024-08-26,266.82,30325,1819500
Edvard Munch,The Night Watch,National Art Festival 2024,Chennai,2023-01-03,330.32,45774,3204180
Henri Matisse,Three Studies for Figures,Creative Souls India 2025,Lucknow,2024-11-15,300.17,48876,1466280
Edvard Munch,Three Studies for Figures,Creative Souls India 2024,Ahmedabad,2025-03-15,34.27,17837,909687
Paul Cézanne,The Two Fridas,Creative Souls India 2023,Hyderabad,2023-09-23,116.05,59788,2271944
Rembrandt,Mona Lisa,India Art Summit 2025,Chennai,2024-04-19,261.74,17436,802056
Henri Matisse,Water Lilies,Indian Heritage Showcase 2024,Chennai,2023-04-11,493.95,56438,3950660
Salvador Dali,Dance,Cultural Canvas 2025,Lucknow,2024-05-17,292.61,48050,1633700
Jackson Pollock,Marilyn Diptych,Heritage & Modernity 2025,Kolkata,2025-01-08,487.3,6076,273420
Johannes Vermeer,The Son of Man,Fine Arts India Tour 2023,Chennai,2025-05-28,89.46,33177,1957443
Edvard Munch,Mona Lisa,Indian Modern Art Expo 2025,Pune,2024-11-26,229.04,26867,1746355
Rembrandt,The Night Watch,India Art Summit 2023,Chennai,2023-09-24,167.22,25982,1143208
Johannes Vermeer,The Two Fridas,National Art Festival 2023,Mumbai,2023-11-01,403.95,44197,2430835
Francis Bacon,The Card Players,Heritage & Modernity 2025,Bangalore,2025-08-26,353.08,5818,366534
Claude Monet,The Scream,Cultural Canvas 2024,Bangalore,2023-06-06,171.75,27146,841526
Edvard Munch,Les Demoiselles d'Avignon,Indian Heritage Showcase 2023,Lucknow,2024-08-18,114.24,10275,647325
Jackson Pollock,The Scream,Creative Souls India 2023,Pune,2023-11-02,269.92,33770,1046870
Gustav Klimt,The Persistence of Memory,Contemporary Expressions 2025,Ahmedabad,2025-06-05,110.27,28381,1163621
Pablo Picasso,Flower Thrower,Indian Modern Art Expo 2024,Ahmedabad,2023-12-04,206.92,35248,1691904
Andy Warhol,"No. 5, 1948",National Art Festival 2024,Ahmedabad,2023-08-10,272.15,12895,502905
Henri Matisse,Dance,Indian Modern Art Expo 2025,Pune,2023-11-28,212.7,45946,1608110
Leonardo da Vinci,Starry Night,Indian Heritage Showcase 2023,Delhi,2025-02-22,359.28,8811,537471
Andy Warhol,Girl with a Pearl Earring,Cultural Canvas 2024,Lucknow,2024-01-25,178.15,32498,1787390
Rembrandt,The Son of Man,Contemporary Expressions 2023,Chennai,2025-11-11,231.87,21098,1160390
Vincent van Gogh,I and the Village,Fine Arts India Tour 2024,Lucknow,2025-01-04,385.97,20404,632524
Leonardo da Vinci,Flower Thrower,Creative Souls India 2023,Chennai,2025-01-01,289.39,28229,1354992
Salvador Dali,The Persistence of Memory,India Art Summit 2023,Bangalore,2024-07-02,468.22,46901,2860961
Johannes Vermeer,I and the Village,Fine Arts India Tour 2025,Bangalore,2025-04-23,132.29,26706,801180
Frida Kahlo,I and the Village,India Art Summit 2023,Bangalore,2024-04-07,427.4,58187,3607594
Rene Magritte,Les Demoiselles d'Avignon,Creative Souls India 2025,Ahmedabad,2025-02-23,18.39,33664,1683200
Salvador Dali,The Kiss,Creative Souls India 2025,Lucknow,2023-05-26,151.46,35965,1834215
Salvador Dali,The Night Watch,National Art Festival 2023,Ahmedabad,2024-02-28,162.94,6896,372384
Marc Chagall,Starry Night,Cultural Canvas 2025,Kolkata,2023-06-19,67.61,9385,431710
Rembrandt,Les Demoiselles d'Avignon,Creative Souls India 2025,Lucknow,2024-07-06,59.96,43127,1897588
Claude Monet,The Son of Man,Cultural Canvas 2025,Hyderabad,2023-09-11,63.16,12491,449676
Rembrandt,The Scream,Contemporary Expressions 2025,Jaipur,2024-03-01,250.23,40991,1598649
Leonardo da Vinci,The Night Watch,Contemporary Expressions 2023,Ahmedabad,2024-02-19,197.64,58339,2333560
Marc Chagall,Starry Night,Contemporary Expressions 2025,Delhi,2024-10-07,400.89,59169,2840112
Leonardo da Vinci,Radiant Baby,Fine Arts India Tour 2025,Lucknow,2024-06-27,241.31,43998,3035862
Keith Haring,The Card Players,India Art Summit 2025,Pune,2025-12-18,222.63,27495,1154790
Frida Kahlo,Girl with a Pearl Earring,National Art Festival 2025,Chennai,2025-06-03,13.01,52247,2403362
Paul Cézanne,Mona Lisa,Indian Heritage Showcase 2024,Kolkata,2023-12-27,219.14,40551,2676366
Salvador Dali,The Son of Man,Fine Arts India Tour 2025,Mumbai,2024-12-16,424.54,40601,2679666
Paul Cézanne,The Two Fridas,Indian Heritage Showcase 2024,Lucknow,2025-09-14,16.81,38560,2159360
Claude Monet,Marilyn Diptych,Indian Heritage Showcase 2024,Pune,2023-04-07,298.96,54841,2029117
Henri Matisse,Marilyn Diptych,Indian Modern Art Expo 2023,Chennai,2024-10-09,36.77,21164,656084
Henri Matisse,Starry Night,Heritage & Modernity 2023,Jaipur,2025-12-18,248.73,32156,1125460
Gustav Klimt,Jimson Weed,Cultural Canvas 2023,Jaipur,2024-05-24,114.57,28962,1477062
Claude Monet,Three Studies for Figures,Cultural Canvas 2025,Ahmedabad,2023-09-24,249.47,41258,2557996
Marc Chagall,"No. 5, 1948",Cultural Canvas 2023,Chennai,2024-11-19,440.46,36324,2143116
Banksy,The Persistence of Memory,Indian Modern Art Expo 2024,Bangalore,2024-09-18,403.35,17770,977350
Rene Magritte,The Kiss,Creative Souls India 2025,Lucknow,2023-02-27,238.01,41456,1492416
Frida Kahlo,Girl with a Pearl Earring,Indian Modern Art Expo 2024,Kolkata,2023-12-12,6.69,37740,2188920
Vincent van Gogh,Girl with a Pearl Earring,India Art Summit 2023,Mumbai,2025-09-02,95.81,58959,2535237
Georgia O'Keeffe,Water Lilies,Contemporary Expressions 2024,Chennai,2023-03-05,223.96,25431,1602153
Andy Warhol,Water Lilies,National Art Festival 2025,Jaipur,2023-03-10,464.07,25914,1554840
Georgia O'Keeffe,Starry Night,Fine Arts India Tour 2025,Delhi,2025-07-22,253.7,13658,491688
Andy Warhol,The Scream,Heritage & Modernity 2025,Mumbai,2023-11-16,382.9,36725,2497300
Frida Kahlo,Les Demoiselles d'Avignon,Creative Souls India 2023,Pune,2023-09-10,40.65,33239,1994340
Paul Cézanne,The Son of Man,Contemporary Expressions 2023,Kolkata,2023-06-11,231.73,26814,1313886
Georgia O'Keeffe,The Scream,Heritage & Modernity 2025,Bangalore,2025-11-20,122.25,34778,2225792
Vincent van Gogh,Radiant Baby,Heritage & Modernity 2023,Chennai,2023-05-01,481.99,55700,2395100
Johannes Vermeer,Flower Thrower,Indian Modern Art Expo 2023,Chennai,2023-04-28,142.97,17851,856848
Jackson Pollock,Les Demoiselles d'Avignon,Contemporary Expressions 2024,Ahmedabad,2024-03-04,154.89,39441,2169255
Paul Cézanne,Starry Night,Heritage & Modernity 2023,Pune,2025-10-24,52.25,12285,823095
Salvador Dali,Three Studies for Figures,India Art Summit 2024,Delhi,2023-05-28,218.2,38971,1792666
Edvard Munch,Jimson Weed,India Art Summit 2023,Delhi,2024-01-24,149.83,12739,394909
Gustav Klimt,Girl with a Pearl Earring,National Art Festival 2023,Ahmedabad,2025-05-28,132.67,53388,3470220
Salvador Dali,The Two Fridas,National Art Festival 2023,Jaipur,2023-12-10,276.91,17831,534930
Keith Haring,Jimson Weed,Heritage & Modernity 2024,Ahmedabad,2023-08-25,397.76,46307,2176429
Rembrandt,The Night Watch,Heritage & Modernity 2025,Jaipur,2023-04-06,200.82,23720,877640
Georgia O'Keeffe,Jimson Weed,Indian Modern Art Expo 2023,Jaipur,2023-02-05,401.2,8977,403965
Claude Monet,Dance,Contemporary Expressions 2023,Jaipur,2025-10-11,16.71,11900,368900
Edvard Munch,Water Lilies,Indian Modern Art Expo 2025,Hyderabad,2023-04-16,331.09,41640,2248560
Vincent van Gogh,Les Demoiselles d'Avignon,Fine Arts India Tour 2024,Mumbai,2023-11-22,321.66,49819,3387692
Banksy,The Card Players,Fine Arts India Tour 2025,Ahmedabad,2025-04-09,72.46,35732,1250620
Edvard Munch,Mona Lisa,Heritage & Modernity 2024,Delhi,2023-12-18,302.84,34444,1102208
Henri Matisse,Water Lilies,Indian Modern Art Expo 2023,Mumbai,2023-02-20,465.91,51929,1765586
Rembrandt,Mona Lisa,India Art Summit 2025,Bangalore,2025-07-18,96.36,27035,1405820
Claude Monet,Girl with a Pearl Earring,Indian Heritage Showcase 2023,Delhi,2023-09-02,159.67,31390,2103130
Georgia O'Keeffe,The Two Fridas,Contemporary Expressions 2024,Bangalore,2023-08-07,464.92,30391,1063685
Georgia O'Keeffe,Girl with a Pearl Earring,Indian Heritage Showcase 2025,Lucknow,2023-08-13,136.53,39564,2017764
Vincent van Gogh,The Two Fridas,Creative Souls India 2023,Delhi,2025-05-15,198.74,15660,829980
Andy Warhol,Three Studies for Figures,India Art Summit 2024,Kolkata,2023-11-20,95.81,17266,587044
Rembrandt,Flower Thrower,Indian Modern Art Expo 2024,Pune,2025-04-09,300.96,16743,1004580
Frida Kahlo,Mona Lisa,Creative Souls India 2024,Delhi,2023-04-22,233.81,23233,1463679
Jackson Pollock,Flower Thrower,Contemporary Expressions 2023,Lucknow,2024-07-08,399.9,48205,2265635
Georgia O'Keeffe,The Son of Man,Fine Arts India Tour 2025,Chennai,2023-02-18,65.27,25629,1717143
Andy Warhol,Flower Thrower,Creative Souls India 2023,Bangalore,2024-02-20,233.62,9667,609021
Banksy,The Two Fridas,National Art Festival 2024,Jaipur,2025-01-17,31.15,16320,701760
Andy Warhol,Marilyn Diptych,Cultural Canvas 2024,Chennai,2025-07-16,215.16,41994,1679760
Edvard Munch,The Son of Man,Indian Heritage Showcase 2025,Ahmedabad,2024-07-28,252.58,56572,1980020
Andy Warhol,Marilyn Diptych,Indian Heritage Showcase 2025,Jaipur,2023-08-19,290.84,52169,3182309
Banksy,The Card Players,Heritage & Modernity 2025,Mumbai,2023-06-23,74.58,34644,1801488
Rene Magritte,The Night Watch,Cultural Canvas 2024,Kolkata,2023-11-07,33.35,10912,523776
Rene Magritte,Starry Night,Creative Souls India 2023,Kolkata,2023-08-23,377.59,18712,1066584
Banksy,Girl with a Pearl Earring,Indian Modern Art Expo 2024,Chennai,2025-06-27,192.54,58042,3888814
Georgia O'Keeffe,Girl with a Pearl Earring,Fine Arts India Tour 2025,Delhi,2025-07-07,28.3,19285,983535
